The Pearl New York,-1,-1,-1,-1,-1,-1,-1,-1,-1,-1,-1,-1,-1,-1,-1,-1,-1,-1,-1,-1,-1,-1,-1,-1,-1,-1,-1,-1,-1,-1,-1,-1,-1,-1,-1,-1,-1,-1,-1,-1,-1,-1,-1,-1,-1,-1,-1,-1,-1,-1,-1,-1,-1,-1,-1,-1,-1,-1,-1,-1,-1,-1,-1,-1,-1,-1,-1,-1,-1,-1,-1,-1,-1,-1,-1,-1,-1,-1,-1,-1,-1,-1,-1,-1,-1,-1,-1,-1,-1,-1,100,-1,-1,-1,-1,-1,-1,-1,-1,-1,-1,-1,-1,-1,-1,-1,-1,-1,-1,-1,-1,-1,-1,-1,-1,-1,-1,-1,-1,-1,-1,-1,-1,-1,-1,-1,-1,-1,-1,-1,-1,-1,-1,-1,-1,-1,-1,-1,-1,-1,-1,-1,-1,-1,-1,-1,-1,-1,6,0,0,7,-1,-1,-1,-1,-1,-1,-1,-1
The Chatwal a Luxury Collection Hotel New York City,-1,-1,-1,-1,34,53,71,90,-1,-1,-1,-1,-1,-1,-1,-1,-1,-1,-1,-1,-1,-1,-1,-1,-1,-1,-1,-1,-1,-1,-1,-1,-1,-1,-1,-1,-1,-1,-1,-1,-1,-1,-1,-1,-1,-1,-1,-1,-1,-1,-1,-1,-1,-1,-1,-1,-1,-1,-1,-1,-1,-1,-1,-1,0,-1,-1,-1,-1,-1,-1,-1,-1,-1,-1,-1,-1,-1,-1,-1,-1,-1,-1,-1,-1,-1,-1,-1,-1,-1,-1,-1,-1,-1,-1,-1,-1,-1,-1,-1,-1,-1,-1,-1,-1,-1,-1,-1,-1,-1,-1,-1,-1,-1,-1,-1,-1,-1,-1,-1,-1,-1,-1,-1,-1,-1,-1,-1,44,62,81,100,-1,-1,-1,-1,-1,-1,-1,-1,-1,-1,-1,-1,-1,-1,-1,-1,-1,-1,-1,-1,-1,-1,-1,-1,-1,-1,-1,-1
Quality Inn Convention Center,-1,-1,-1,-1,-1,83,68,-1,-1,-1,-1,-1,43,48,-1,-1,-1,-1,-1,-1,-1,-1,-1,-1,18,18,18,18,56,59,57,56,-1,18,18,18,-1,-1,-1,-1,-1,-1,-1,-1,-1,-1,-1,-1,-1,-1,-1,-1,-1,75,72,67,-1,-1,-1,-1,-1,-1,-1,-1,-1,-1,-1,-1,-1,-1,-1,-1,64,69,78,63,-1,-1,-1,-1,-1,-1,-1,-1,-1,-1,-1,-1,-1,100,-1,-1,-1,-1,-1,-1,41,-1,-1,-1,-1,-1,-1,-1,-1,-1,-1,-1,37,-1,-1,66,-1,-1,-1,-1,57,69,64,-1,-1,56,56,-1,-1,-1,-1,-1,-1,-1,-1,-1,38,-1,-1,-1,-1,-1,-1,-1,0,0,0,-1,-1,-1,-1,-1,22,33,30,22,-1,-1,58,58,-1,-1,-1,-1
Hilton Manhattan East,53,37,39,50,-1,70,75,70,55,57,42,52,-1,9,8,10,45,46,-1,-1,50,90,-1,82,48,72,54,49,-1,20,43,17,-1,-1,35,33,-1,-1,-1,100,20,25,21,-1,37,42,41,40,-1,-1,-1,-1,-1,-1,-1,-1,-1,-1,-1,-1,-1,-1,12,-1,-1,69,45,-1,42,42,39,-1,64,57,59,58,-1,4,0,-1,-1,81,85,84,54,-1,-1,-1,-1,77,89,87,-1,69,61,45,54,-1,-1,-1,-1,69,-1,-1,-1,-1,15,13,79,71,42,31,-1,67,83,73,76,77,68,78,-1,-1,-1,-1,75,75,68,90,80,83,77,78,49,39,-1,-1,33,34,26,18,-1,1,0,-1,-1,-1,-1,-1,-1,-1,-1,-1,-1,61,14,11,-1,-1,-1,-1
Four Seasons Hotel New York,-1,-1,53,56,-1,37,53,54,49,50,53,56,1,5,-1,-1,52,50,52,61,66,67,56,63,56,44,56,-1,2,7,-1,-1,56,50,53,49,-1,-1,64,-1,-1,-1,53,-1,47,47,57,44,-1,-1,52,61,71,86,84,84,-1,-1,-1,-1,-1,7,-1,-1,-1,-1,-1,56,44,44,47,50,78,37,68,-1,42,40,40,32,-1,-1,-1,-1,63,53,67,66,84,57,64,61,57,44,44,47,47,48,43,-1,-1,78,88,100,32,32,40,35,77,72,67,74,-1,-1,-1,-1,56,43,56,36,44,48,47,49,54,45,64,100,-1,-1,53,54,44,53,50,-1,-1,-1,-1,-1,0,3,-1,-1,74,50,53,58,56,67,60,66,-1,-1,-1,-1,44,70,48,44
Wyndham Garden Brooklyn Sunset Park,-1,31,24,-1,-1,51,53,67,-1,31,-1,-1,40,28,27,-1,56,50,53,-1,-1,72,73,48,-1,24,31,-1,-1,54,-1,-1,-1,-1,31,-1,77,-1,50,56,-1,-1,31,-1,63,58,60,56,-1,-1,63,-1,68,49,-1,-1,-1,31,9,-1,-1,0,-1,-1,-1,31,24,-1,-1,24,31,-1,-1,58,51,67,18,24,31,-1,-1,45,89,-1,-1,53,50,56,-1,72,78,-1,-1,-1,-1,-1,-1,24,15,-1,-1,-1,-1,-1,-1,-1,15,-1,-1,-1,-1,-1,-1,98,-1,-1,-1,83,45,-1,-1,24,18,-1,70,40,45,-1,100,94,-1,-1,18,24,31,-1,-1,-1,-1,-1,-1,-1,-1,-1,-1,50,45,40,-1,31,24,-1,61,61,-1,-1,-1,21,24,-1
Eventi Hotel a Kimpton Hotel,-1,34,43,44,49,62,68,-1,46,-1,74,75,-1,20,24,22,78,-1,-1,-1,-1,-1,-1,-1,-1,-1,-1,-1,43,37,41,16,58,55,57,66,79,-1,-1,85,42,38,42,49,-1,-1,-1,-1,84,47,80,76,-1,-1,-1,-1,-1,-1,-1,-1,4,0,7,6,-1,-1,-1,-1,47,42,30,-1,57,61,48,47,31,28,-1,-1,-1,-1,59,65,-1,-1,-1,-1,-1,67,71,77,-1,35,35,-1,-1,-1,-1,-1,-1,-1,-1,-1,-1,-1,-1,-1,-1,70,-1,-1,-1,42,57,-1,-1,-1,-1,-1,-1,-1,-1,-1,76,-1,52,66,100,-1,-1,-1,-1,-1,-1,-1,-1,18,16,8,-1,-1,17,-1,-1,-1,-1,-1,-1,-1,-1,-1,-1,10,13,41,-1,-1,-1,-1
NOMO SOHO,46,51,48,-1,48,53,70,-1,-1,-1,-1,-1,14,-1,14,-1,-1,-1,-1,-1,-1,-1,-1,-1,-1,53,50,39,-1,-1,-1,-1,-1,52,47,43,-1,-1,-1,-1,34,38,43,-1,-1,-1,-1,-1,-1,-1,-1,-1,55,60,66,-1,-1,21,-1,-1,-1,-1,-1,-1,69,59,59,-1,-1,-1,-1,27,-1,59,54,50,0,-1,-1,-1,-1,56,61,-1,-1,-1,-1,-1,100,65,70,-1,-1,-1,-1,-1,-1,-1,28,23,39,43,60,-1,-1,-1,-1,-1,-1,-1,-1,-1,-1,-1,-1,-1,-1,-1,-1,-1,-1,-1,-1,3,-1,-1,-1,39,-1,-1,-1,-1,48,64,53,-1,-1,6,3,0,-1,-1,-1,-1,-1,-1,-1,62,-1,-1,-1,-1,-1,-1,-1,-1,-1,-1,-1,-1
Courtyard by Marriott New York City Manhattan Fifth Avenue,-1,-1,-1,-1,-1,-1,-1,-1,-1,-1,-1,-1,26,27,29,-1,-1,-1,-1,-1,-1,-1,-1,-1,-1,-1,-1,-1,16,17,18,-1,-1,-1,-1,-1,-1,-1,-1,-1,-1,-1,-1,-1,-1,-1,-1,-1,-1,63,57,46,-1,-1,-1,-1,-1,-1,-1,-1,-1,-1,-1,-1,-1,-1,-1,-1,-1,-1,-1,-1,-1,-1,-1,-1,-1,-1,-1,-1,-1,-1,-1,-1,-1,-1,-1,-1,-1,-1,-1,-1,-1,86,-1,-1,-1,-1,-1,-1,-1,-1,-1,-1,-1,-1,-1,-1,-1,71,62,-1,-1,-1,-1,-1,-1,-1,-1,-1,-1,-1,-1,-1,-1,-1,-1,-1,-1,-1,100,-1,-1,-1,-1,-1,-1,-1,-1,-1,-1,-1,-1,0,-1,-1,-1,-1,-1,-1,-1,-1,-1,-1,17,16,-1,-1,-1,-1
SIXTY Lower East Side,-1,43,-1,-1,-1,98,-1,-1,-1,51,-1,-1,-1,12,-1,-1,-1,78,-1,-1,-1,78,-1,-1,-1,-1,-1,-1,-1,-1,-1,-1,45,48,-1,-1,70,73,-1,-1,35,37,-1,-1,75,78,-1,-1,51,54,-1,-1,-1,-1,-1,-1,23,28,23,23,-1,-1,-1,17,-1,-1,-1,-1,-1,-1,-1,-1,71,74,-1,-1,1,2,-1,0,-1,79,-1,-1,-1,-1,-1,-1,-1,-1,-1,-1,73,76,-1,-1,-1,-1,-1,-1,69,72,-1,-1,21,23,-1,-1,-1,-1,-1,-1,-1,-1,-1,-1,-1,-1,-1,-1,-1,-1,-1,-1,-1,-1,-1,-1,-1,94,100,-1,-1,-1,-1,-1,-1,-1,-1,-1,-1,-1,-1,-1,-1,-1,-1,-1,-1,-1,-1,-1,-1,-1,-1,-1,-1,16,-1,-1
The Lombardy,-1,19,-1,-1,-1,-1,-1,-1,-1,-1,-1,-1,-1,-1,-1,-1,100,-1,-1,-1,-1,-1,-1,-1,-1,-1,-1,-1,-1,-1,-1,-1,-1,100,-1,-1,-1,-1,100,-1,-1,-1,-1,-1,-1,-1,-1,100,-1,-1,-1,-1,-1,-1,-1,-1,-1,0,-1,-1,-1,-1,-1,-1,-1,-1,47,-1,-1,-1,-1,-1,-1,-1,-1,-1,-1,-1,-1,-1,-1,-1,-1,-1,-1,-1,-1,-1,-1,-1,-1,-1,-1,-1,-1,-1,-1,-1,-1,-1,-1,-1,-1,-1,-1,-1,-1,-1,-1,-1,-1,-1,-1,-1,-1,-1,-1,-1,-1,-1,-1,-1,-1,-1,-1,-1,-1,-1,-1,-1,-1,-1,-1,-1,-1,-1,-1,-1,-1,-1,-1,-1,-1,-1,-1,-1,100,-1,-1,-1,-1,-1,-1,-1,-1,-1,-1,31,-1,-1
The High Line Hotel,-1,-1,-1,-1,-1,-1,-1,-1,-1,-1,-1,-1,-1,-1,-1,-1,-1,-1,-1,-1,-1,-1,-1,-1,90,97,100,-1,-1,-1,-1,-1,-1,79,-1,-1,89,94,-1,-1,-1,-1,-1,-1,-1,-1,-1,-1,79,86,91,95,-1,-1,-1,-1,-1,-1,-1,-1,-1,-1,-1,-1,-1,-1,-1,-1,-1,-1,-1,-1,-1,-1,-1,-1,0,2,3,-1,-1,-1,-1,-1,-1,-1,-1,-1,-1,-1,-1,-1,-1,-1,-1,-1,-1,-1,-1,-1,-1,-1,-1,-1,-1,26,-1,-1,-1,-1,-1,-1,-1,-1,-1,-1,42,45,47,50,-1,-1,-1,-1,-1,-1,-1,-1,-1,-1,-1,-1,-1,-1,-1,-1,-1,-1,-1,-1,-1,-1,-1,-1,-1,-1,-1,-1,-1,-1,-1,-1,53,-1,-1,-1,-1,22,20,-1
Millenium Hilton,31,52,57,69,71,85,99,82,33,69,84,-1,-1,18,28,29,35,55,84,100,87,69,84,94,69,53,69,53,20,32,38,42,19,9,20,25,61,65,-1,-1,-1,49,28,-1,31,29,28,28,65,-1,69,-1,-1,65,71,78,-1,-1,24,-1,21,13,28,32,-1,52,69,63,63,78,59,71,69,69,65,-1,-1,-1,-1,-1,-1,-1,76,82,69,61,55,55,-1,-1,87,94,-1,-1,-1,35,25,-1,-1,-1,-1,-1,-1,-1,-1,24,24,-1,79,80,72,-1,-1,-1,-1,-1,69,-1,-1,-1,-1,18,-1,-1,-1,-1,-1,71,71,85,69,69,69,-1,69,-1,29,7,-1,-1,32,7,4,-1,-1,57,68,-1,-1,57,84,100,42,31,23,12,-1,-1,4,0
Hyatt Union Square New York,52,53,55,55,74,58,-1,78,-1,-1,-1,-1,19,-1,32,-1,-1,57,65,-1,82,-1,81,-1,-1,-1,51,-1,19,-1,27,-1,-1,64,58,-1,-1,71,-1,63,57,63,60,35,51,53,-1,-1,59,66,78,60,63,61,72,74,35,51,49,36,44,-1,-1,-1,-1,-1,58,45,44,59,48,54,59,60,-1,70,-1,-1,0,-1,-1,-1,-1,-1,47,-1,-1,47,-1,-1,-1,-1,-1,-1,-1,-1,62,58,-1,-1,-1,-1,-1,-1,-1,-1,-1,-1,83,-1,64,-1,56,-1,-1,-1,55,71,74,64,63,60,54,64,-1,70,61,61,85,82,83,100,-1,71,52,57,-1,-1,-1,-1,-1,-1,-1,-1,-1,-1,70,70,61,60,62,80,-1,-1,-1,-1,-1,-1,-1,-1
Wyndham Garden - Manhattan Chelsea West,-1,36,-1,-1,-1,-1,-1,-1,-1,29,-1,-1,-1,-1,-1,-1,-1,56,-1,-1,-1,-1,-1,-1,-1,41,44,-1,-1,-1,-1,-1,-1,38,-1,-1,-1,-1,-1,-1,-1,21,22,-1,-1,64,-1,-1,-1,-1,-1,-1,-1,-1,-1,-1,26,23,-1,-1,-1,-1,-1,-1,66,59,61,-1,26,40,41,-1,-1,-1,-1,-1,0,0,0,-1,-1,-1,-1,-1,-1,-1,-1,-1,-1,-1,-1,-1,-1,-1,-1,-1,51,59,58,-1,-1,-1,-1,-1,-1,-1,17,-1,-1,100,-1,-1,-1,-1,-1,-1,-1,-1,-1,-1,-1,-1,-1,-1,-1,83,83,-1,-1,-1,-1,-1,54,58,65,-1,-1,-1,-1,-1,-1,-1,-1,-1,-1,-1,-1,-1,-1,-1,-1,-1,-1,-1,-1,-1,-1,-1,-1,-1
The Towers of the Waldorf Astoria New York,19,-1,18,-1,41,33,28,32,48,-1,-1,50,-1,-1,8,9,32,-1,-1,-1,-1,-1,-1,-1,-1,-1,-1,41,-1,-1,-1,-1,-1,33,-1,-1,-1,-1,-1,43,-1,-1,-1,-1,-1,20,18,-1,32,28,-1,33,48,53,-1,-1,0,28,8,8,24,13,8,20,38,-1,-1,25,16,-1,-1,-1,-1,-1,24,-1,-1,-1,13,-1,21,25,-1,26,-1,-1,-1,18,-1,-1,57,50,-1,-1,-1,-1,18,14,35,100,34,38,-1,29,-1,-1,-1,24,31,-1,-1,32,-1,-1,-1,-1,33,29,33,33,-1,-1,-1,40,-1,-1,-1,38,-1,-1,-1,-1,7,51,44,50,48,23,51,53,32,33,8,34,43,56,43,-1,67,-1,-1,-1,-1,-1,-1,-1,-1,-1,-1,-1
Viceroy New York,-1,19,52,78,56,68,75,74,62,56,63,60,16,14,17,19,72,69,74,69,78,77,77,88,78,57,63,-1,16,21,33,33,79,56,46,57,48,56,49,66,-1,-1,34,33,73,53,56,50,52,78,71,95,-1,-1,-1,-1,45,41,48,49,9,12,7,17,-1,-1,51,60,74,37,43,82,69,72,68,66,11,11,10,74,68,92,96,90,71,58,61,85,89,78,100,86,79,90,81,98,64,42,-1,-1,55,65,56,-1,31,37,24,18,-1,51,47,-1,83,62,69,71,76,72,75,76,-1,23,36,-1,85,88,68,85,-1,85,80,73,62,68,-1,-1,-1,-1,-1,6,0,1,-1,-1,82,71,74,83,85,63,63,62,9,-1,-1,-1,86,100,17,15
Hilton Garden Inn New York Long Island City,11,16,21,-1,-1,69,73,-1,-1,-1,-1,-1,0,-1,-1,-1,-1,-1,-1,-1,-1,55,62,61,-1,-1,-1,-1,26,-1,-1,-1,-1,-1,-1,-1,33,34,-1,31,-1,-1,-1,-1,-1,-1,-1,-1,-1,28,-1,-1,-1,-1,-1,-1,-1,-1,-1,25,13,-1,-1,15,-1,16,21,25,-1,8,7,8,-1,30,-1,29,0,0,-1,-1,-1,-1,57,-1,-1,-1,-1,-1,75,-1,-1,94,-1,-1,-1,-1,-1,25,19,18,38,35,36,29,-1,-1,-1,-1,-1,-1,-1,-1,-1,78,95,100,-1,58,-1,-1,11,17,12,4,-1,28,-1,-1,-1,-1,-1,-1,-1,-1,-1,-1,-1,-1,25,-1,-1,6,7,9,-1,-1,-1,-1,-1,-1,-1,-1,-1,-1,-1,-1,13,0,-1,-1
Best Western Bowery Hanbee Hotel,-1,-1,-1,-1,-1,-1,81,-1,-1,-1,-1,-1,-1,-1,-1,-1,-1,-1,68,-1,-1,-1,71,-1,-1,-1,-1,-1,-1,-1,-1,-1,-1,-1,-1,-1,69,71,66,-1,1,15,0,1,-1,-1,-1,-1,-1,73,73,-1,-1,73,73,-1,-1,-1,-1,-1,-1,-1,-1,-1,-1,-1,-1,-1,11,15,-1,-1,-1,-1,78,-1,-1,-1,-1,-1,77,83,100,-1,-1,58,67,-1,-1,-1,75,-1,-1,-1,-1,-1,-1,-1,23,15,-1,-1,-1,-1,-1,-1,-1,-1,-1,78,-1,-1,-1,-1,-1,-1,-1,-1,-1,-1,-1,-1,-1,-1,-1,58,58,-1,-1,86,86,-1,-1,-1,-1,-1,-1,-1,-1,-1,-1,-1,-1,-1,-1,77,77,-1,-1,-1,-1,-1,-1,-1,-1,-1,-1,-1,-1,-1
New York Marriott East Side,-1,41,-1,-1,-1,63,-1,-1,22,60,-1,-1,6,14,-1,-1,49,81,75,-1,-1,84,-1,-1,-1,57,50,-1,-1,13,-1,-1,-1,46,32,25,-1,63,-1,-1,-1,29,-1,-1,-1,74,-1,-1,-1,64,-1,-1,-1,-1,-1,-1,11,-1,-1,-1,0,4,-1,-1,-1,-1,66,-1,-1,41,43,-1,-1,66,-1,-1,-1,-1,-1,-1,-1,-1,-1,-1,-1,-1,-1,-1,-1,92,-1,-1,-1,89,-1,-1,-1,-1,-1,-1,-1,64,-1,-1,-1,-1,-1,-1,-1,-1,-1,-1,80,-1,-1,-1,-1,-1,-1,-1,-1,-1,-1,-1,-1,-1,-1,-1,-1,100,-1,-1,-1,74,-1,-1,-1,-1,-1,-1,-1,17,-1,2,-1,63,-1,-1,-1,42,61,-1,-1,15,-1,-1,-1,-1,-1,-1
DoubleTree by Hilton Hotel Newark Airport,-1,-1,-1,-1,-1,30,35,-1,-1,-1,-1,-1,22,8,15,-1,25,33,40,-1,-1,33,40,43,-1,27,22,23,22,8,15,-1,23,17,27,23,27,30,37,-1,-1,-1,-1,27,25,30,20,23,85,67,82,100,-1,-1,-1,-1,-1,-1,-1,-1,-1,-1,-1,-1,-1,-1,-1,-1,-1,-1,28,-1,25,30,-1,-1,-1,7,3,-1,58,53,57,-1,-1,-1,-1,-1,35,22,35,-1,2,8,-1,-1,-1,-1,-1,-1,43,50,57,-1,-1,-1,-1,-1,52,53,68,-1,-1,-1,-1,-1,-1,-1,-1,-1,-1,-1,-1,-1,-1,-1,-1,-1,-1,-1,-1,-1,33,27,27,-1,-1,-1,-1,-1,0,5,-1,-1,-1,27,40,-1,-1,-1,-1,-1,0,5,-1,-1,-1,-1,-1,-1
Sheraton New York Times Square Hotel,34,16,-1,-1,-1,56,53,-1,-1,16,38,-1,6,21,-1,-1,-1,30,-1,-1,49,57,69,-1,3,-1,16,-1,-1,-1,-1,-1,-1,23,-1,-1,-1,58,-1,-1,-1,-1,-1,-1,-1,-1,57,-1,-1,42,-1,-1,73,76,82,-1,-1,-1,-1,-1,2,5,9,-1,-1,43,27,-1,49,22,39,33,-1,58,-1,-1,17,21,-1,-1,-1,-1,-1,-1,-1,45,-1,-1,-1,75,93,85,-1,-1,82,-1,-1,71,52,-1,-1,16,-1,-1,-1,-1,-1,-1,-1,45,-1,-1,33,48,71,-1,-1,-1,-1,-1,-1,-1,51,-1,20,50,23,-1,-1,-1,100,-1,-1,-1,-1,-1,22,17,9,-1,-1,9,13,0,-1,-1,58,-1,-1,-1,31,-1,-1,-1,46,-1,-1,-1,-1,-1
Residence Inn New York The Bronx At Metro Center Atrium,-1,-1,-1,-1,-1,-1,-1,-1,-1,-1,-1,-1,-1,-1,-1,-1,-1,-1,-1,-1,-1,-1,-1,-1,-1,-1,-1,-1,-1,-1,-1,-1,-1,-1,-1,-1,-1,-1,-1,-1,-1,-1,-1,-1,-1,-1,-1,-1,-1,-1,-1,-1,-1,-1,-1,-1,-1,-1,-1,-1,-1,-1,-1,-1,-1,-1,0,-1,-1,0,-1,-1,-1,-1,-1,-1,-1,-1,-1,-1,-1,-1,-1,-1,-1,0,-1,-1,-1,-1,-1,-1,-1,-1,-1,-1,-1,-1,-1,-1,-1,-1,-1,-1,-1,-1,-1,-1,-1,-1,-1,-1,-1,-1,-1,-1,-1,-1,-1,-1,-1,-1,-1,-1,-1,-1,-1,-1,-1,-1,-1,-1,-1,-1,-1,-1,-1,-1,-1,-1,-1,-1,-1,-1,-1,-1,100,-1,-1,-1,-1,-1,-1,-1,-1,-1,-1,-1,-1,-1
Crowne Plaza Times Square Manhattan,39,-1,-1,-1,-1,77,-1,-1,44,45,-1,-1,27,-1,-1,-1,-1,-1,-1,-1,-1,-1,38,-1,46,48,-1,-1,-1,-1,-1,-1,44,46,-1,-1,72,74,71,-1,28,-1,-1,-1,-1,-1,-1,-1,-1,-1,-1,-1,-1,-1,-1,-1,5,6,8,-1,-1,-1,-1,-1,53,54,-1,-1,23,-1,16,-1,-1,-1,-1,-1,0,-1,-1,-1,-1,-1,-1,-1,-1,24,-1,-1,-1,-1,-1,-1,-1,-1,-1,-1,22,-1,-1,-1,-1,22,25,27,-1,-1,-1,-1,-1,72,58,-1,-1,-1,-1,-1,69,18,20,-1,-1,-1,-1,-1,-1,-1,-1,-1,85,100,-1,-1,48,49,-1,-1,-1,-1,-1,-1,-1,-1,-1,-1,-1,-1,-1,-1,23,52,26,-1,6,7,-1,-1,-1,-1,-1,-1
Best Western Bayside Inn,-1,-1,-1,-1,-1,72,-1,-1,-1,-1,-1,-1,-1,-1,-1,-1,-1,70,59,-1,-1,-1,-1,-1,-1,-1,-1,-1,-1,-1,-1,-1,-1,-1,-1,-1,-1,-1,51,-1,-1,-1,-1,-1,-1,46,-1,-1,-1,85,-1,-1,-1,100,97,-1,-1,-1,-1,-1,-1,-1,-1,-1,-1,-1,-1,-1,-1,-1,-1,-1,-1,-1,-1,-1,20,30,0,-1,-1,72,-1,-1,-1,-1,-1,-1,-1,84,72,-1,-1,83,-1,-1,-1,-1,-1,-1,-1,-1,-1,-1,-1,59,70,-1,74,-1,-1,-1,-1,73,-1,-1,-1,30,51,-1,44,44,66,-1,-1,-1,-1,-1,-1,-1,-1,-1,-1,-1,-1,-1,-1,-1,-1,-1,-1,-1,-1,-1,49,61,72,-1,-1,-1,-1,-1,-1,-1,-1,-1,-1,70,-1,-1
Courtyard by Marriott New York Manhattan SoHo,-1,-1,-1,-1,-1,-1,-1,-1,60,-1,-1,-1,20,29,29,-1,-1,-1,-1,-1,-1,-1,-1,-1,-1,-1,-1,-1,13,21,21,-1,-1,-1,-1,48,-1,-1,-1,-1,-1,-1,-1,-1,75,75,-1,75,-1,96,100,94,-1,-1,97,-1,23,-1,-1,-1,25,25,25,-1,-1,-1,-1,-1,-1,-1,-1,-1,68,68,-1,68,-1,-1,-1,-1,-1,-1,-1,-1,-1,-1,-1,-1,-1,-1,-1,-1,-1,-1,-1,-1,-1,-1,-1,-1,-1,-1,-1,-1,-1,-1,-1,-1,-1,-1,-1,-1,-1,-1,-1,-1,-1,-1,-1,-1,-1,-1,-1,-1,-1,-1,-1,-1,-1,-1,-1,-1,-1,-1,-1,-1,-1,-1,30,-1,-1,-1,-1,13,-1,-1,-1,-1,-1,-1,-1,-1,-1,-1,-1,0,-1,-1,-1,-1
Cassa Hotel 45th Street,46,43,51,65,89,84,98,100,-1,70,68,64,28,30,43,23,55,58,80,91,85,100,94,99,-1,34,-1,-1,23,28,38,41,59,63,58,61,81,69,60,-1,33,39,43,-1,40,-1,63,-1,-1,77,71,81,-1,-1,58,91,38,54,53,34,14,22,25,28,-1,56,54,-1,16,34,44,-1,73,77,81,82,0,14,22,-1,-1,-1,-1,-1,-1,56,-1,-1,-1,64,90,82,68,77,77,88,34,-1,-1,-1,-1,86,90,97,40,37,13,-1,60,69,-1,-1,-1,47,-1,-1,-1,50,-1,-1,31,26,-1,-1,-1,56,71,71,-1,94,99,92,31,42,-1,-1,-1,17,22,-1,10,-1,18,17,-1,65,80,-1,-1,85,67,67,40,42,28,35,34,38,27,36
United Nations Apartment Hotel,79,77,77,-1,-1,-1,-1,-1,-1,-1,-1,-1,-1,-1,-1,-1,-1,-1,-1,38,-1,-1,-1,-1,100,91,-1,-1,-1,-1,-1,-1,-1,-1,-1,-1,-1,-1,-1,-1,79,-1,-1,-1,91,96,77,93,-1,-1,-1,-1,-1,-1,-1,-1,79,62,77,-1,-1,-1,-1,0,-1,77,74,81,81,74,-1,-1,-1,-1,-1,-1,57,60,-1,-1,38,-1,-1,-1,88,60,77,-1,-1,-1,-1,-1,-1,-1,-1,-1,84,-1,67,79,-1,-1,-1,-1,-1,-1,-1,-1,-1,-1,-1,-1,-1,-1,-1,-1,-1,-1,-1,-1,-1,65,-1,70,-1,-1,-1,-1,-1,-1,-1,-1,70,-1,-1,-1,-1,-1,-1,26,-1,-1,-1,-1,-1,-1,-1,-1,-1,-1,74,81,-1,-1,-1,-1,-1,53,-1,-1
Hyatt Herald Square New York,26,27,28,26,75,77,77,38,40,38,40,39,25,17,-1,39,40,39,-1,43,58,-1,58,48,37,42,42,40,22,25,-1,-1,-1,-1,-1,-1,38,54,52,38,32,22,28,35,-1,51,42,26,48,-1,-1,-1,77,58,74,-1,19,17,20,18,1,0,2,-1,40,-1,28,22,-1,31,18,28,42,67,50,68,1,-1,2,-1,-1,-1,-1,-1,38,39,38,-1,-1,-1,100,-1,-1,-1,-1,75,63,82,71,78,42,43,52,-1,6,17,17,-1,-1,52,50,52,-1,-1,86,-1,38,69,-1,-1,26,30,27,-1,-1,-1,-1,-1,68,77,79,68,-1,31,43,38,29,40,33,38,21,21,28,22,-1,61,79,-1,53,-1,50,-1,-1,-1,-1,22,-1,6,20,20
Residence Inn by Marriott New York Manhattan Midtown East,-1,-1,-1,-1,-1,-1,-1,-1,-1,-1,-1,-1,11,-1,-1,-1,-1,-1,-1,-1,-1,-1,-1,-1,-1,-1,-1,-1,8,11,12,-1,-1,-1,-1,-1,-1,-1,-1,-1,-1,-1,-1,-1,-1,-1,-1,-1,-1,-1,-1,-1,76,75,100,-1,-1,-1,-1,-1,4,0,-1,-1,-1,-1,-1,-1,-1,-1,-1,-1,65,65,65,65,-1,-1,-1,-1,-1,-1,-1,-1,-1,-1,-1,-1,-1,-1,-1,-1,-1,-1,-1,-1,-1,-1,-1,-1,-1,-1,-1,-1,-1,-1,10,8,-1,-1,-1,-1,-1,-1,-1,-1,-1,-1,-1,-1,-1,-1,-1,-1,-1,-1,-1,-1,-1,-1,-1,91,-1,-1,-1,-1,-1,-1,7,4,-1,-1,14,15,-1,-1,-1,-1,-1,-1,-1,-1,-1,20,19,20,-1,-1,-1,-1
The Out NYC,-1,-1,-1,-1,-1,62,43,23,11,18,6,9,-1,-1,-1,-1,56,51,51,61,45,39,39,43,-1,-1,-1,-1,-1,-1,-1,-1,-1,0,-1,-1,37,32,44,37,-1,-1,-1,-1,-1,-1,-1,-1,-1,-1,-1,-1,-1,-1,-1,-1,-1,-1,-1,-1,-1,-1,-1,-1,-1,-1,-1,-1,-1,-1,-1,-1,41,50,58,41,-1,-1,-1,-1,-1,-1,64,-1,46,57,62,-1,-1,-1,-1,-1,-1,-1,-1,-1,-1,-1,-1,-1,34,-1,-1,-1,-1,-1,-1,-1,-1,-1,-1,-1,-1,-1,-1,-1,-1,52,33,-1,-1,-1,-1,-1,-1,-1,-1,31,-1,100,93,-1,-1,-1,-1,-1,-1,-1,-1,-1,-1,-1,-1,-1,63,62,58,65,21,17,17,27,-1,-1,-1,-1,-1,-1,-1,-1
W New York - Downtown,-1,-1,-1,-1,-1,-1,-1,-1,-1,-1,-1,-1,-1,-1,-1,-1,-1,-1,-1,-1,-1,-1,-1,-1,-1,82,78,-1,-1,-1,-1,-1,-1,-1,-1,-1,-1,-1,-1,62,-1,-1,-1,-1,-1,-1,-1,-1,-1,-1,-1,-1,-1,-1,-1,-1,-1,-1,-1,-1,29,-1,-1,-1,-1,-1,-1,-1,-1,-1,-1,-1,-1,-1,-1,-1,0,-1,-1,-1,-1,-1,-1,-1,-1,-1,-1,-1,-1,-1,-1,-1,-1,-1,-1,-1,-1,-1,-1,-1,80,-1,-1,-1,-1,-1,-1,-1,-1,-1,-1,-1,-1,94,91,73,-1,-1,-1,-1,-1,79,76,-1,-1,100,97,-1,-1,-1,-1,-1,-1,97,93,75,-1,-1,42,30,-1,-1,-1,-1,-1,-1,-1,-1,-1,-1,-1,-1,-1,-1,-1,-1,-1,-1,-1,-1
Hyatt Times Square New York,43,-1,-1,-1,100,93,80,95,25,-1,-1,-1,-1,-1,31,-1,-1,-1,-1,-1,-1,-1,-1,-1,-1,56,47,-1,-1,30,21,11,-1,68,52,41,-1,60,68,57,-1,-1,38,-1,-1,-1,82,77,56,56,56,-1,-1,-1,56,-1,-1,-1,-1,-1,11,8,9,19,-1,-1,-1,-1,-1,-1,43,-1,-1,86,82,81,-1,44,45,45,-1,-1,-1,67,-1,80,-1,-1,-1,-1,-1,-1,-1,98,95,85,-1,-1,-1,-1,-1,86,82,81,-1,40,38,-1,-1,93,67,73,77,86,52,63,-1,86,82,-1,-1,4,-1,-1,-1,86,88,89,-1,-1,-1,-1,-1,56,-1,-1,-1,25,4,-1,19,14,14,14,-1,-1,-1,-1,72,90,-1,-1,-1,23,20,-1,0,-1,21,21
Hilton Times Square,44,34,30,37,46,57,58,37,54,46,53,55,25,27,32,-1,-1,83,100,63,69,68,74,57,45,43,44,35,25,42,42,-1,45,44,36,44,-1,52,64,68,29,37,37,37,66,-1,74,81,57,59,60,58,-1,-1,66,63,51,48,35,21,40,9,30,28,34,45,35,-1,55,56,44,47,39,-1,45,56,0,35,5,-1,63,63,79,63,48,55,50,-1,-1,58,64,70,70,55,60,42,65,45,40,53,71,67,70,52,-1,25,27,36,78,71,69,63,43,44,29,-1,-1,47,47,-1,-1,44,38,31,69,63,58,60,70,68,69,67,46,44,32,35,-1,-1,17,16,22,23,17,33,-1,68,79,55,-1,60,55,60,31,33,-1,23,-1,-1,27,13
Residence Inn Newark Elizabeth Liberty International Airport,22,44,76,-1,28,-1,100,-1,22,33,62,-1,33,47,65,-1,22,33,62,-1,44,69,95,-1,-1,-1,-1,-1,47,58,73,-1,-1,-1,15,13,-1,-1,34,36,-1,-1,15,13,-1,-1,18,15,-1,-1,44,44,36,55,80,-1,6,22,58,-1,-1,-1,-1,-1,-1,44,65,95,-1,-1,-1,-1,-1,-1,-1,33,-1,-1,-1,-1,-1,-1,-1,-1,-1,-1,-1,-1,65,69,73,-1,-1,-1,76,62,-1,-1,-1,-1,-1,-1,-1,-1,-1,-1,12,6,-1,-1,-1,-1,-1,-1,-1,-1,-1,-1,-1,-1,-1,-1,-1,-1,-1,-1,-1,-1,65,98,95,-1,-1,-1,-1,-1,-1,-1,-1,-1,-1,-1,55,33,-1,33,44,73,36,33,44,73,-1,-1,32,47,0,0,0,6
Quality Inn Woodside,-1,15,15,-1,-1,100,86,76,-1,25,25,-1,-1,40,1,-1,-1,-1,-1,-1,69,76,90,-1,7,12,19,-1,-1,-1,-1,-1,9,15,22,-1,62,72,100,-1,3,15,15,-1,-1,31,47,-1,-1,-1,40,-1,-1,-1,-1,-1,-1,15,15,-1,-1,27,-1,-1,-1,12,14,1,-1,14,15,3,-1,89,74,-1,-1,11,4,0,-1,-1,-1,-1,-1,34,42,-1,-1,-1,-1,-1,-1,-1,-1,-1,-1,-1,-1,-1,-1,97,100,-1,48,8,15,-1,-1,31,40,-1,-1,-1,-1,-1,-1,78,100,-1,-1,-1,-1,-1,-1,-1,83,76,-1,65,-1,-1,-1,11,4,0,-1,39,33,-1,-1,-1,29,25,-1,32,-1,-1,-1,28,28,-1,-1,56,45,39,-1,55,15,-1
Le Parker Meridien New York,29,32,35,37,-1,39,-1,53,30,36,39,42,-1,-1,-1,-1,-1,-1,-1,-1,-1,67,71,42,45,41,39,-1,-1,-1,-1,-1,39,37,35,33,-1,-1,-1,-1,35,33,30,27,-1,-1,-1,-1,51,48,44,42,-1,-1,-1,-1,-1,-1,-1,-1,0,2,4,-1,-1,41,44,47,40,37,35,-1,49,43,28,25,9,11,13,8,49,53,56,59,-1,-1,-1,-1,42,49,100,50,52,45,41,39,71,69,65,-1,48,45,42,39,-1,-1,-1,-1,57,58,50,-1,53,49,46,41,58,45,41,-1,53,51,48,44,55,52,49,-1,46,50,53,57,54,51,-1,-1,-1,10,8,-1,-1,6,3,1,-1,-1,-1,-1,-1,45,48,51,-1,-1,-1,-1,-1,20,-1,-1
Best Western Plus Arena Hotel,-1,-1,-1,-1,-1,-1,52,-1,-1,-1,-1,-1,-1,-1,-1,-1,-1,-1,-1,-1,-1,79,56,50,-1,-1,-1,-1,-1,-1,-1,-1,-1,-1,-1,-1,-1,-1,-1,-1,-1,-1,-1,-1,-1,-1,-1,-1,-1,-1,-1,-1,-1,-1,-1,-1,-1,-1,-1,-1,-1,-1,-1,-1,-1,-1,-1,-1,-1,-1,-1,-1,-1,-1,-1,-1,-1,-1,-1,-1,-1,-1,-1,-1,-1,57,-1,-1,-1,-1,-1,-1,-1,-1,-1,-1,0,4,-1,-1,-1,-1,-1,-1,-1,-1,-1,-1,-1,-1,-1,-1,-1,-1,-1,-1,-1,52,100,-1,-1,23,-1,-1,-1,-1,-1,-1,-1,-1,-1,-1,-1,-1,-1,-1,-1,-1,-1,-1,-1,-1,-1,-1,-1,-1,72,-1,-1,-1,-1,-1,-1,-1,-1,-1,-1,-1,-1,-1
Courtyard by Marriott New York Manhattan Times Square,-1,32,-1,-1,-1,-1,-1,-1,51,53,54,-1,-1,-1,-1,-1,-1,70,-1,87,-1,-1,-1,-1,-1,44,42,26,33,-1,-1,-1,-1,-1,33,31,-1,-1,-1,-1,-1,-1,-1,-1,-1,-1,-1,-1,-1,-1,-1,-1,97,100,-1,-1,6,-1,-1,0,-1,-1,-1,-1,-1,-1,55,-1,-1,30,31,-1,-1,-1,-1,-1,-1,-1,-1,-1,-1,-1,-1,-1,-1,-1,-1,-1,-1,-1,-1,-1,-1,-1,-1,-1,-1,-1,77,-1,-1,-1,-1,-1,-1,34,36,-1,-1,-1,-1,-1,-1,-1,-1,-1,-1,-1,-1,-1,30,34,38,-1,-1,-1,-1,-1,-1,-1,-1,-1,-1,52,37,-1,-1,-1,-1,-1,-1,-1,-1,-1,-1,-1,-1,-1,-1,84,86,-1,-1,-1,-1,30,-1,-1,-1,-1
DoubleTree by Hilton Metropolitan - New York City,14,14,18,23,46,40,51,46,-1,17,23,27,3,-1,-1,-1,36,-1,40,43,38,-1,-1,38,26,19,17,-1,4,9,11,9,-1,14,5,8,33,-1,28,31,4,5,3,2,-1,-1,21,-1,-1,24,-1,-1,64,79,96,100,22,24,-1,6,7,-1,-1,-1,-1,15,-1,-1,24,21,21,17,20,32,32,-1,19,17,15,7,26,53,63,54,-1,33,31,-1,83,70,88,94,-1,32,-1,-1,55,43,26,39,48,31,44,50,-1,4,-1,-1,47,46,36,34,41,38,21,-1,45,46,35,-1,38,18,17,5,46,41,34,34,49,58,53,56,23,23,27,30,-1,0,-1,-1,-1,2,23,-1,-1,-1,55,44,-1,37,37,-1,-1,-1,2,0,-1,-1,10,-1
Hilton Newark Airport,30,49,60,-1,49,94,98,-1,30,57,60,-1,38,30,45,-1,26,45,64,-1,74,57,72,-1,-1,-1,-1,-1,38,30,45,-1,-1,-1,-1,-1,-1,-1,49,26,-1,-1,42,26,-1,-1,42,23,-1,-1,26,45,30,45,68,-1,64,79,60,72,38,42,38,-1,-1,57,72,79,-1,60,57,-1,98,-1,-1,-1,-1,-1,-1,-1,79,98,-1,-1,-1,60,42,-1,45,77,100,-1,-1,-1,42,-1,-1,-1,34,-1,-1,-1,-1,-1,34,17,-1,0,79,75,57,-1,79,60,-1,-1,-1,-1,-1,-1,57,-1,34,0,-1,-1,-1,-1,-1,-1,-1,-1,-1,60,-1,-1,45,-1,42,-1,-1,-1,42,23,-1,72,83,87,-1,98,75,-1,-1,-1,30,38,57,34,11,26
SpringHill Suites by Marriott Newark Liberty International,-1,-1,-1,-1,-1,-1,-1,-1,50,78,-1,-1,-1,-1,-1,-1,-1,-1,56,-1,66,61,-1,-1,-1,-1,63,-1,-1,-1,-1,-1,53,58,-1,-1,-1,56,61,66,11,17,-1,-1,-1,-1,-1,-1,-1,-1,-1,-1,-1,-1,-1,-1,-1,14,-1,-1,-1,-1,-1,-1,45,48,56,-1,46,52,42,40,-1,52,-1,-1,-1,-1,-1,0,-1,-1,-1,-1,-1,63,55,50,-1,-1,-1,-1,-1,-1,-1,-1,-1,-1,-1,-1,-1,-1,-1,-1,-1,42,-1,-1,-1,-1,-1,35,-1,-1,-1,-1,-1,-1,-1,-1,42,44,-1,-1,-1,-1,91,87,100,-1,-1,-1,-1,-1,-1,-1,-1,-1,-1,-1,-1,-1,-1,-1,32,24,24,28,26,62,-1,-1,-1,-1,-1,-1,-1,-1,-1,-1
The Benjamin,-1,38,39,-1,-1,-1,-1,-1,53,-1,63,-1,-1,-1,-1,-1,59,66,69,-1,-1,86,88,-1,43,50,52,-1,18,22,-1,-1,44,51,53,-1,-1,-1,-1,-1,-1,-1,-1,-1,-1,-1,-1,-1,-1,-1,-1,-1,-1,-1,-1,-1,-1,-1,38,-1,10,13,14,-1,43,50,53,41,33,39,-1,-1,-1,57,59,-1,0,4,-1,-1,-1,-1,-1,-1,43,50,52,-1,-1,-1,-1,-1,-1,-1,-1,-1,-1,-1,-1,-1,-1,-1,-1,-1,-1,-1,-1,-1,50,56,58,-1,-1,-1,-1,-1,-1,-1,-1,-1,-1,-1,-1,-1,36,39,36,-1,61,62,-1,-1,57,64,67,-1,8,-1,-1,-1,5,9,10,-1,-1,-1,-1,-1,-1,-1,100,-1,8,12,-1,-1,-1,-1,-1,-1
Howard Johnson Flushing,-1,-1,-1,-1,-1,-1,-1,-1,-1,-1,-1,-1,-1,-1,-1,-1,100,-1,-1,-1,-1,-1,-1,-1,-1,34,-1,-1,-1,-1,-1,-1,-1,-1,-1,-1,-1,-1,-1,-1,-1,-1,-1,-1,-1,-1,-1,80,-1,-1,-1,-1,-1,-1,-1,-1,-1,-1,-1,-1,-1,-1,-1,-1,-1,-1,-1,-1,-1,34,-1,-1,-1,-1,-1,-1,0,14,-1,-1,-1,-1,-1,-1,-1,48,-1,-1,-1,-1,-1,-1,-1,-1,-1,-1,21,36,-1,-1,-1,-1,-1,-1,-1,-1,-1,-1,-1,-1,-1,-1,-1,-1,-1,-1,-1,-1,-1,-1,40,57,10,40,-1,-1,-1,-1,-1,-1,-1,-1,21,34,-1,-1,-1,-1,-1,-1,-1,-1,-1,-1,-1,-1,-1,-1,-1,-1,-1,-1,-1,-1,-1,-1,-1,-1,-1,-1
Comfort Inn Times Square South Area,-1,28,27,-1,-1,87,-1,-1,25,58,-1,-1,-1,-1,-1,-1,-1,-1,-1,-1,81,81,99,81,42,34,52,37,42,47,55,-1,42,48,33,33,-1,-1,-1,-1,-1,14,-1,-1,-1,-1,-1,-1,-1,-1,-1,-1,-1,-1,-1,-1,-1,-1,-1,-1,-1,55,-1,-1,36,52,47,40,7,29,-1,-1,77,79,-1,-1,0,-1,-1,-1,-1,-1,-1,-1,-1,70,-1,-1,-1,-1,-1,-1,-1,-1,-1,-1,-1,-1,31,20,54,53,53,-1,41,41,41,41,-1,-1,-1,-1,-1,-1,-1,-1,72,95,85,-1,-1,34,37,-1,-1,100,-1,65,-1,-1,-1,-1,-1,-1,-1,-1,-1,-1,-1,-1,-1,-1,-1,-1,-1,-1,-1,-1,55,71,85,55,-1,-1,-1,-1,-1,-1,-1,-1
Courtyard Newark Elizabeth,0,-1,-1,-1,-1,-1,-1,-1,-1,-1,54,-1,-1,-1,-1,-1,-1,-1,-1,-1,-1,-1,-1,-1,-1,-1,-1,-1,-1,-1,-1,-1,-1,-1,-1,-1,-1,57,-1,-1,-1,43,-1,-1,-1,-1,-1,-1,-1,70,48,-1,20,36,58,-1,-1,-1,-1,-1,23,39,-1,-1,-1,17,-1,-1,-1,-1,-1,-1,-1,74,-1,-1,-1,-1,-1,-1,-1,-1,-1,-1,-1,-1,-1,-1,-1,-1,-1,-1,-1,-1,-1,-1,-1,-1,-1,-1,-1,62,39,-1,70,43,-1,-1,96,75,54,-1,100,-1,-1,-1,96,-1,-1,-1,-1,-1,-1,-1,81,70,-1,-1,-1,-1,-1,-1,-1,-1,-1,-1,80,58,36,-1,-1,64,42,20,-1,-1,-1,-1,-1,-1,-1,-1,-1,-1,-1,-1,-1,-1,-1,-1
Dumont NYC-an Affinia hotel,-1,-1,-1,-1,88,-1,-1,-1,-1,65,-1,-1,-1,-1,-1,-1,-1,-1,-1,-1,-1,-1,-1,-1,-1,-1,-1,-1,-1,-1,-1,-1,47,52,52,52,-1,-1,90,-1,-1,-1,-1,-1,-1,-1,72,-1,100,94,-1,-1,-1,-1,-1,-1,-1,-1,-1,-1,-1,-1,-1,-1,-1,-1,-1,-1,-1,-1,-1,-1,-1,-1,68,-1,-1,0,2,-1,68,79,81,83,-1,-1,-1,-1,-1,-1,-1,-1,-1,-1,-1,-1,-1,-1,-1,-1,23,68,53,68,-1,-1,-1,-1,-1,-1,85,-1,-1,96,96,79,-1,57,56,61,-1,-1,-1,-1,74,77,35,30,93,-1,-1,-1,-1,-1,-1,-1,-1,-1,-1,-1,-1,-1,-1,-1,-1,84,-1,-1,-1,73,77,-1,-1,0,-1,-1,-1,-1,-1,-1
The Muse Hotel a Kimpton Hotel,-1,-1,-1,-1,-1,-1,-1,-1,83,52,-1,-1,-1,-1,-1,-1,-1,-1,-1,-1,-1,-1,-1,-1,-1,-1,-1,-1,-1,-1,-1,-1,-1,-1,-1,-1,-1,-1,94,-1,-1,-1,23,29,67,-1,-1,-1,-1,-1,-1,-1,-1,-1,-1,-1,-1,-1,-1,-1,-1,-1,-1,-1,-1,-1,-1,-1,-1,-1,-1,-1,-1,-1,-1,-1,22,16,-1,-1,-1,-1,-1,-1,-1,-1,-1,-1,-1,-1,-1,-1,-1,-1,-1,-1,-1,-1,-1,-1,83,100,89,-1,-1,-1,-1,-1,-1,-1,-1,-1,-1,-1,-1,-1,-1,-1,-1,-1,-1,-1,-1,-1,-1,-1,-1,-1,-1,-1,-1,-1,-1,-1,-1,-1,-1,-1,-1,-1,-1,-1,-1,-1,-1,-1,-1,-1,-1,59,-1,-1,-1,0,-1,-1,-1,-1,16,16
San Carlos Hotel,-1,-1,-1,-1,5,4,5,5,-1,-1,-1,-1,-1,-1,-1,-1,-1,-1,-1,-1,100,85,-1,-1,-1,-1,-1,-1,-1,-1,-1,-1,-1,-1,-1,-1,-1,-1,-1,-1,-1,-1,-1,-1,-1,-1,-1,-1,-1,-1,-1,-1,-1,-1,-1,-1,-1,-1,-1,-1,-1,-1,-1,-1,-1,-1,-1,-1,-1,-1,-1,-1,1,-1,6,6,-1,-1,-1,-1,-1,-1,-1,-1,-1,-1,-1,-1,-1,-1,-1,-1,-1,-1,-1,-1,-1,3,3,-1,-1,-1,-1,-1,-1,-1,0,-1,-1,-1,-1,-1,-1,-1,5,-1,-1,2,85,86,-1,2,2,-1,-1,-1,-1,-1,-1,-1,-1,-1,-1,-1,-1,-1,-1,-1,-1,-1,-1,-1,-1,-1,-1,-1,-1,-1,-1,-1,-1,-1,-1,-1,-1,-1,-1,-1,-1,-1
Courtyard by Marriott New York Manhattan Upper East Side,-1,-1,-1,-1,-1,-1,-1,45,-1,-1,-1,-1,-1,-1,-1,-1,-1,-1,-1,37,-1,-1,-1,63,-1,-1,-1,-1,-1,-1,-1,-1,0,-1,-1,-1,-1,-1,-1,-1,-1,-1,-1,-1,-1,-1,-1,-1,-1,-1,-1,-1,-1,-1,-1,50,-1,-1,-1,-1,-1,-1,-1,-1,37,39,-1,-1,-1,-1,-1,-1,-1,-1,-1,-1,-1,-1,-1,-1,-1,-1,-1,100,-1,11,-1,-1,-1,-1,-1,76,-1,-1,-1,-1,11,13,-1,-1,-1,-1,-1,-1,-1,-1,-1,-1,-1,-1,-1,-1,-1,-1,-1,-1,-1,-1,-1,-1,-1,-1,-1,-1,-1,-1,-1,-1,-1,-1,-1,-1,-1,-1,-1,-1,-1,-1,-1,-1,-1,-1,-1,-1,-1,-1,-1,-1,-1,-1,-1,-1,-1,-1,-1,-1,-1,-1,-1,-1
Newark Liberty International Airport Marriott,42,49,45,-1,51,68,50,-1,35,47,42,-1,6,18,34,-1,42,55,45,-1,45,62,52,-1,81,65,-1,-1,12,22,37,-1,-1,64,27,19,-1,68,32,22,-1,68,33,22,-1,64,27,19,-1,61,19,8,35,11,21,-1,18,34,48,-1,28,41,19,-1,-1,59,48,59,82,61,-1,-1,-1,73,30,21,-1,-1,-1,-1,22,59,51,-1,78,64,-1,-1,26,42,51,-1,-1,70,54,24,70,62,-1,-1,-1,61,30,20,73,59,25,12,81,64,-1,-1,84,68,57,-1,100,86,-1,-1,72,55,-1,-1,80,65,-1,-1,51,68,48,-1,80,70,-1,-1,-1,51,-1,-1,-1,43,9,0,-1,59,49,62,-1,29,42,54,-1,50,19,12,-1,-1,-1,-1
Baccarat Hotel and Residences New York,-1,-1,-1,-1,-1,-1,-1,-1,-1,-1,-1,-1,-1,-1,-1,-1,-1,-1,-1,-1,-1,-1,-1,-1,-1,-1,-1,-1,-1,-1,-1,-1,-1,-1,-1,-1,-1,-1,-1,-1,9,-1,-1,-1,-1,-1,-1,-1,100,-1,-1,-1,-1,-1,-1,-1,5,-1,-1,-1,-1,-1,-1,-1,-1,-1,-1,-1,9,-1,-1,-1,-1,-1,-1,-1,0,-1,-1,-1,-1,-1,-1,-1,-1,-1,-1,-1,-1,-1,-1,-1,-1,-1,-1,-1,-1,-1,-1,-1,-1,-1,-1,-1,0,-1,-1,-1,-1,-1,-1,-1,-1,-1,-1,-1,-1,-1,-1,-1,-1,86,86,34,-1,-1,-1,-1,-1,-1,-1,-1,-1,-1,-1,-1,-1,-1,-1,-1,-1,-1,-1,-1,-1,-1,-1,-1,-1,-1,-1,-1,-1,-1,-1,-1,-1,-1,-1,-1
The Peninsula New York,36,38,40,-1,56,58,59,-1,-1,-1,-1,-1,0,35,36,-1,49,51,53,-1,56,58,59,-1,-1,-1,-1,-1,0,35,36,-1,-1,-1,-1,-1,-1,-1,-1,-1,-1,40,38,36,-1,-1,-1,-1,-1,-1,-1,-1,-1,-1,-1,-1,-1,-1,-1,-1,0,-1,-1,-1,-1,38,40,-1,-1,40,38,-1,-1,-1,-1,-1,-1,-1,-1,-1,59,61,62,-1,-1,-1,-1,-1,100,-1,-1,-1,-1,-1,-1,-1,-1,-1,-1,-1,23,23,22,23,-1,-1,-1,-1,-1,-1,-1,-1,-1,-1,-1,-1,-1,-1,-1,-1,-1,-1,-1,-1,-1,-1,-1,-1,56,58,59,-1,-1,-1,-1,-1,-1,-1,-1,-1,-1,-1,-1,-1,-1,58,59,-1,-1,-1,-1,-1,35,32,-1,-1,-1,-1,-1,-1
Hampton Inn Times Square North,-1,-1,-1,-1,-1,-1,51,-1,-1,-1,-1,-1,-1,-1,-1,-1,-1,-1,-1,-1,55,55,-1,-1,17,18,-1,-1,20,-1,-1,24,-1,-1,-1,-1,-1,-1,-1,48,-1,-1,-1,-1,-1,-1,-1,-1,-1,-1,43,69,-1,85,-1,-1,-1,-1,-1,-1,-1,-1,-1,-1,-1,-1,-1,-1,-1,-1,-1,-1,-1,-1,-1,15,-1,-1,2,-1,54,68,68,-1,-1,-1,-1,-1,-1,70,-1,100,-1,-1,-1,-1,-1,-1,-1,-1,44,44,47,24,-1,-1,0,-1,-1,45,63,-1,-1,-1,43,-1,-1,-1,-1,-1,-1,-1,-1,-1,-1,34,61,55,-1,-1,-1,-1,15,-1,-1,-1,-1,-1,3,-1,6,-1,-1,-1,-1,-1,-1,-1,-1,-1,-1,-1,-1,-1,-1,-1,-1,-1,-1,-1
The Roger,57,61,60,61,-1,-1,-1,-1,68,70,68,71,-1,-1,-1,-1,-1,-1,-1,-1,-1,-1,-1,-1,76,79,75,75,-1,-1,-1,-1,69,67,70,66,-1,-1,-1,-1,55,54,55,52,-1,-1,-1,-1,-1,-1,-1,-1,-1,-1,-1,-1,33,-1,-1,-1,-1,-1,-1,-1,77,77,80,79,58,59,56,-1,-1,-1,-1,-1,-1,-1,-1,0,-1,-1,-1,-1,-1,-1,-1,-1,-1,-1,-1,-1,-1,-1,-1,-1,-1,-1,-1,-1,100,100,100,100,45,46,-1,45,-1,-1,-1,-1,-1,-1,-1,-1,-1,-1,-1,-1,-1,-1,65,61,-1,-1,-1,-1,-1,-1,-1,-1,90,86,86,86,-1,-1,-1,-1,-1,-1,-1,-1,-1,-1,-1,-1,-1,91,92,90,-1,-1,-1,-1,41,42,-1,-1
Hampton Inn JFK Airport,-1,-1,-1,-1,-1,-1,-1,-1,-1,56,-1,-1,-1,-1,-1,-1,32,61,77,72,-1,-1,-1,-1,-1,49,56,-1,-1,-1,-1,-1,-1,56,56,-1,-1,-1,61,-1,-1,-1,-1,-1,0,-1,-1,-1,-1,100,-1,-1,-1,-1,-1,-1,-1,-1,-1,-1,-1,-1,-1,-1,-1,-1,-1,-1,-1,-1,-1,-1,-1,-1,-1,-1,-1,-1,-1,-1,-1,-1,-1,-1,-1,-1,-1,-1,-1,-1,-1,-1,-1,-1,-1,-1,-1,-1,-1,-1,-1,-1,-1,-1,-1,-1,-1,-1,-1,100,74,-1,-1,-1,-1,-1,-1,-1,-1,-1,-1,-1,-1,-1,-1,-1,-1,-1,-1,-1,-1,-1,-1,49,-1,-1,-1,-1,27,-1,-1,-1,-1,-1,56,-1,-1,-1,-1,-1,-1,-1,-1,-1,-1,-1,-1,-1,-1,-1
Grand Hyatt New York,35,42,45,25,58,-1,60,57,44,42,62,62,-1,-1,-1,7,74,74,75,-1,-1,-1,-1,-1,60,60,49,59,17,26,26,30,-1,-1,-1,-1,-1,-1,-1,84,25,25,25,22,-1,75,74,-1,44,-1,44,-1,-1,-1,-1,75,44,39,35,39,12,17,19,22,44,54,51,63,-1,40,35,40,-1,-1,-1,58,8,-1,-1,11,-1,-1,-1,45,92,69,83,85,-1,-1,-1,100,67,67,83,69,73,75,59,-1,-1,62,44,37,4,22,59,57,75,-1,42,35,75,-1,60,63,-1,75,69,69,-1,74,62,72,69,69,57,-1,-1,77,72,72,69,61,65,-1,16,14,-1,13,13,14,22,10,-1,-1,83,65,-1,61,76,80,14,11,19,12,3,0,17,34
Aloft Harlem,-1,-1,-1,-1,70,-1,28,-1,57,-1,-1,-1,-1,-1,-1,-1,100,-1,-1,-1,30,-1,44,-1,-1,-1,-1,-1,-1,-1,-1,-1,-1,-1,-1,-1,-1,-1,40,-1,-1,-1,-1,-1,-1,-1,-1,-1,9,9,9,9,-1,-1,-1,-1,-1,-1,-1,-1,-1,-1,-1,-1,-1,-1,-1,-1,-1,-1,-1,-1,-1,-1,-1,-1,-1,-1,-1,-1,19,28,-1,-1,82,-1,-1,-1,-1,-1,-1,-1,-1,-1,-1,-1,-1,-1,-1,-1,-1,-1,-1,-1,-1,-1,-1,-1,-1,-1,-1,-1,-1,-1,-1,-1,-1,-1,43,-1,-1,-1,-1,-1,-1,49,59,70,-1,-1,51,-1,-1,-1,-1,-1,-1,4,4,0,-1,-1,-1,-1,-1,39,-1,-1,64,-1,-1,-1,-1,-1,-1,-1,-1,-1,-1,-1
The Plaza Hotel,36,36,42,41,85,87,89,-1,33,32,40,33,16,13,7,-1,39,32,38,39,87,87,91,90,36,33,30,45,8,10,0,8,45,31,33,45,87,87,87,90,-1,-1,-1,-1,65,36,58,65,-1,-1,-1,-1,-1,61,-1,-1,36,40,42,44,11,11,3,11,41,40,44,46,35,36,54,36,73,77,76,80,33,34,-1,-1,-1,92,96,100,36,50,56,66,-1,-1,90,-1,-1,-1,-1,-1,45,-1,45,42,-1,-1,-1,-1,33,20,20,-1,-1,-1,-1,-1,-1,-1,-1,-1,-1,82,79,80,27,20,38,-1,-1,-1,-1,-1,-1,87,89,89,36,36,33,33,-1,-1,-1,-1,-1,11,8,-1,81,37,-1,-1,-1,32,35,43,-1,8,2,8,39,28,39,39
Days Inn Bronx Near Stadium,-1,-1,-1,-1,-1,-1,-1,-1,-1,-1,-1,-1,-1,-1,-1,-1,-1,-1,-1,-1,-1,-1,-1,-1,-1,-1,-1,-1,-1,-1,-1,-1,-1,-1,-1,-1,-1,-1,-1,-1,-1,-1,-1,-1,-1,-1,-1,-1,-1,-1,-1,-1,-1,-1,-1,-1,-1,-1,-1,-1,-1,-1,-1,-1,-1,-1,-1,-1,-1,-1,57,-1,-1,-1,-1,-1,-1,-1,-1,-1,-1,-1,-1,-1,-1,-1,-1,-1,-1,-1,-1,-1,-1,-1,-1,-1,-1,-1,-1,-1,-1,-1,-1,-1,-1,-1,-1,-1,-1,75,-1,-1,-1,0,-1,-1,-1,-1,-1,-1,-1,-1,-1,-1,-1,0,-1,-1,-1,-1,-1,-1,-1,-1,57,-1,-1,94,100,-1,-1,-1,-1,-1,-1,-1,-1,-1,-1,-1,-1,-1,-1,-1,-1,-1,-1,-1,-1,-1
DoubleTree by Hilton New York City - Financial District,30,35,32,36,69,-1,76,87,39,30,45,43,55,63,73,75,-1,54,67,46,60,-1,73,73,43,41,42,38,33,44,56,61,-1,-1,49,31,54,56,55,52,-1,36,31,30,-1,46,47,47,-1,-1,-1,-1,39,83,-1,75,21,-1,-1,-1,25,34,43,35,-1,32,34,44,30,-1,43,-1,-1,-1,52,52,-1,0,1,4,65,68,70,83,59,53,28,-1,-1,-1,83,87,-1,-1,62,61,-1,53,-1,-1,65,65,58,-1,-1,14,-1,-1,84,79,83,83,75,77,-1,-1,89,79,-1,73,-1,25,-1,-1,72,69,71,72,-1,82,-1,100,-1,-1,37,-1,28,26,27,-1,21,26,20,19,-1,-1,-1,-1,62,55,43,-1,-1,26,28,28,-1,-1,-1,-1
Hampton Inn New York Chelsea,-1,-1,-1,-1,-1,-1,-1,-1,-1,-1,-1,-1,-1,-1,-1,-1,-1,-1,-1,-1,-1,-1,-1,-1,53,-1,55,55,-1,-1,-1,-1,52,52,-1,46,-1,68,67,63,-1,-1,50,48,-1,63,-1,-1,-1,-1,-1,-1,-1,-1,-1,80,-1,-1,-1,-1,-1,-1,-1,-1,60,-1,-1,-1,-1,-1,-1,-1,75,73,-1,73,0,11,23,11,-1,-1,-1,-1,71,72,69,73,-1,-1,-1,-1,96,96,100,92,-1,49,-1,-1,-1,-1,-1,63,-1,-1,-1,26,75,91,83,85,85,64,89,58,78,65,-1,-1,-1,-1,45,40,93,93,81,80,-1,-1,-1,-1,-1,-1,-1,-1,-1,-1,-1,-1,-1,-1,-1,-1,-1,-1,-1,-1,-1,-1,-1,-1,-1,29,36,34,-1,-1,-1,-1
Loews Regency New York Hotel,18,19,19,19,22,23,23,23,17,21,22,19,1,3,3,-1,19,21,22,23,25,23,23,25,22,19,17,17,1,3,3,-1,22,19,20,21,19,21,18,19,16,16,13,13,19,21,13,13,22,23,21,19,19,21,22,23,17,-1,-1,-1,0,3,3,-1,19,21,19,20,17,15,14,17,25,25,23,22,9,9,10,7,-1,26,30,-1,23,22,21,19,-1,23,23,25,-1,23,-1,-1,-1,-1,18,-1,22,23,-1,-1,-1,-1,15,19,23,22,21,30,24,23,23,25,23,22,21,19,-1,-1,17,17,-1,-1,-1,-1,22,23,100,-1,22,19,23,-1,4,1,1,0,2,3,-1,-1,23,23,22,23,22,20,23,23,2,3,-1,-1,7,5,6,7
Home2 Suites by Hilton NY Long Island City Manhattan View,17,-1,17,17,32,40,46,36,29,25,30,26,-1,-1,-1,-1,19,29,30,36,48,46,52,52,-1,-1,-1,-1,11,9,-1,-1,21,27,-1,-1,-1,-1,-1,-1,-1,-1,-1,-1,-1,-1,-1,-1,56,58,52,-1,66,-1,66,100,6,8,4,7,-1,47,23,27,-1,-1,-1,-1,-1,-1,-1,-1,-1,-1,-1,15,-1,-1,-1,-1,56,-1,-1,98,-1,36,36,-1,-1,-1,-1,-1,-1,-1,-1,-1,-1,-1,-1,-1,-1,-1,-1,-1,-1,10,15,-1,-1,42,-1,-1,-1,-1,-1,-1,-1,-1,-1,-1,12,21,-1,-1,-1,58,36,-1,73,-1,87,-1,-1,-1,-1,-1,-1,3,-1,-1,-1,3,0,-1,-1,29,36,-1,-1,32,-1,-1,-1,-1,-1,-1,-1,-1,-1,-1
Blakely New York,-1,-1,-1,-1,82,77,61,82,-1,-1,-1,-1,-1,-1,-1,-1,-1,-1,85,-1,78,78,95,78,40,38,38,38,-1,-1,-1,-1,-1,38,38,37,-1,-1,-1,-1,-1,-1,-1,-1,-1,77,88,-1,-1,-1,-1,-1,-1,-1,-1,-1,-1,-1,-1,-1,-1,-1,-1,-1,-1,-1,-1,-1,-1,-1,-1,-1,61,72,77,61,8,16,16,8,-1,-1,-1,-1,-1,-1,-1,-1,-1,-1,-1,-1,-1,-1,-1,-1,-1,-1,-1,-1,-1,-1,-1,-1,-1,-1,-1,-1,-1,-1,-1,-1,-1,-1,-1,-1,79,74,74,74,-1,-1,-1,-1,-1,-1,-1,-1,-1,-1,-1,-1,-1,-1,-1,-1,-1,-1,-1,-1,-1,0,-1,-1,78,78,91,100,36,-1,36,36,-1,-1,-1,-1,9,9,9,8
Hampton Inn New York - 35th Street - Empire State Building,-1,25,-1,25,-1,52,54,54,35,26,36,29,-1,-1,36,-1,67,73,61,73,66,67,60,63,35,35,33,18,-1,25,27,-1,35,35,29,29,-1,-1,-1,-1,21,23,21,23,-1,-1,-1,-1,-1,45,27,-1,53,-1,-1,61,7,28,20,26,-1,-1,-1,21,-1,31,-1,-1,20,19,25,25,49,54,-1,-1,-1,9,6,0,-1,65,62,-1,52,62,60,61,77,-1,100,-1,-1,-1,-1,-1,-1,41,32,35,-1,-1,-1,63,-1,25,21,26,-1,63,44,57,-1,55,56,-1,68,39,33,52,-1,39,41,22,-1,-1,-1,-1,93,91,95,99,-1,35,-1,-1,-1,27,-1,-1,-1,-1,17,-1,93,82,70,77,-1,31,38,-1,-1,22,22,18,20,-1,15,13
Hampton Inn Madison Square Garden Area Hotel,16,16,16,17,29,34,41,38,27,28,25,26,22,20,20,22,-1,-1,-1,-1,-1,-1,-1,50,-1,20,18,-1,26,23,27,26,-1,23,20,12,-1,-1,42,29,-1,-1,15,-1,-1,-1,-1,-1,22,30,31,34,-1,-1,37,35,-1,17,-1,-1,15,16,7,19,-1,-1,-1,-1,-1,-1,14,14,-1,34,32,-1,0,-1,-1,-1,37,69,100,47,-1,-1,-1,-1,68,56,50,-1,-1,-1,-1,-1,20,19,-1,16,-1,70,-1,-1,-1,-1,-1,-1,-1,39,41,-1,-1,41,42,-1,33,33,37,29,-1,-1,-1,-1,-1,-1,-1,33,42,-1,-1,67,25,20,-1,-1,-1,4,8,-1,-1,3,15,-1,-1,-1,-1,-1,-1,32,-1,-1,-1,13,-1,-1,-1,-1,-1,-1
Hyatt Place Flushing LaGuardia Airport,7,-1,-1,-1,-1,-1,-1,-1,-1,-1,-1,-1,-1,-1,-1,-1,-1,25,-1,-1,-1,-1,-1,-1,-1,-1,-1,-1,-1,-1,-1,-1,-1,-1,-1,-1,-1,-1,-1,-1,28,-1,-1,-1,33,-1,-1,-1,-1,-1,-1,-1,-1,-1,-1,-1,0,1,-1,-1,-1,-1,-1,-1,-1,-1,-1,-1,-1,-1,-1,-1,-1,-1,-1,-1,-1,-1,-1,-1,-1,-1,-1,-1,-1,-1,-1,-1,7,-1,-1,-1,94,-1,51,13,-1,-1,-1,-1,-1,-1,96,-1,-1,-1,-1,-1,-1,-1,-1,-1,100,70,46,-1,-1,-1,-1,-1,-1,-1,-1,-1,-1,78,-1,-1,-1,60,83,81,-1,-1,-1,-1,-1,-1,-1,-1,-1,-1,-1,-1,-1,-1,-1,-1,-1,-1,-1,-1,-1,28,-1,-1,-1,-1,-1,-1
Best Western Plus Newark Airport West,-1,-1,-1,-1,-1,-1,-1,-1,-1,69,-1,-1,-1,-1,-1,-1,-1,-1,60,-1,-1,-1,-1,-1,-1,-1,-1,-1,42,-1,-1,-1,-1,-1,-1,-1,-1,31,-1,-1,-1,-1,-1,-1,-1,-1,-1,-1,-1,-1,92,83,-1,-1,-1,-1,-1,-1,-1,-1,-1,-1,-1,-1,-1,-1,-1,-1,-1,-1,-1,-1,-1,-1,-1,-1,-1,-1,-1,0,-1,-1,43,-1,-1,12,-1,-1,-1,-1,41,-1,-1,-1,-1,-1,-1,52,-1,-1,-1,-1,-1,-1,-1,16,-1,-1,-1,-1,100,-1,-1,50,-1,-1,-1,44,-1,-1,8,16,-1,-1,-1,-1,-1,-1,-1,-1,-1,-1,11,19,-1,-1,-1,-1,-1,-1,-1,-1,-1,-1,-1,-1,69,59,-1,-1,-1,-1,-1,-1,-1,-1,-1,-1,-1,-1
Wyndham Garden Long Island City Manhattan View,29,31,-1,-1,-1,-1,80,-1,-1,-1,-1,-1,-1,27,-1,-1,-1,-1,-1,-1,-1,37,-1,-1,-1,-1,-1,-1,-1,42,-1,-1,-1,-1,-1,-1,-1,-1,-1,-1,-1,-1,-1,-1,-1,-1,-1,-1,-1,-1,-1,-1,-1,-1,-1,-1,-1,-1,-1,-1,-1,0,-1,-1,-1,31,-1,-1,-1,22,-1,-1,-1,-1,-1,-1,-1,-1,-1,-1,-1,-1,-1,-1,-1,-1,-1,-1,-1,-1,-1,-1,-1,-1,-1,-1,48,56,-1,-1,-1,-1,-1,-1,32,-1,-1,-1,-1,-1,-1,-1,-1,-1,-1,-1,-1,92,-1,-1,-1,48,-1,-1,-1,-1,-1,-1,-1,-1,-1,-1,-1,22,-1,-1,-1,-1,-1,-1,-1,-1,-1,-1,-1,-1,100,-1,-1,-1,-1,-1,-1,-1,-1,-1,-1,34,-1,-1
Wyndham Garden Chinatown,-1,-1,-1,-1,-1,-1,-1,-1,-1,-1,-1,-1,-1,-1,-1,-1,-1,-1,-1,-1,-1,-1,-1,-1,-1,80,100,-1,-1,-1,-1,-1,-1,-1,-1,-1,-1,-1,-1,-1,-1,-1,-1,-1,-1,-1,-1,-1,-1,-1,-1,-1,-1,-1,-1,-1,-1,-1,-1,-1,-1,-1,-1,-1,-1,-1,-1,-1,-1,45,48,-1,-1,-1,-1,-1,14,17,0,-1,-1,-1,-1,-1,83,83,83,83,-1,-1,-1,-1,-1,-1,-1,-1,50,53,-1,-1,-1,-1,-1,-1,-1,-1,-1,-1,-1,-1,-1,-1,-1,-1,-1,-1,-1,-1,-1,-1,-1,44,47,-1,-1,-1,-1,-1,-1,-1,-1,-1,57,71,-1,-1,-1,-1,-1,-1,-1,-1,-1,-1,-1,-1,-1,-1,-1,-1,-1,-1,-1,-1,-1,-1,-1,-1,-1,-1
Howard Johnson Bronx Near Stadium,-1,-1,-1,-1,-1,-1,-1,-1,-1,-1,-1,-1,-1,-1,-1,-1,-1,-1,-1,-1,-1,-1,-1,-1,-1,10,19,-1,-1,-1,-1,-1,-1,-1,-1,-1,-1,-1,-1,-1,-1,-1,-1,-1,-1,-1,-1,-1,35,45,54,-1,-1,39,49,-1,-1,-1,-1,-1,-1,-1,-1,-1,-1,-1,-1,-1,-1,10,19,-1,0,-1,-1,-1,23,34,45,-1,-1,-1,-1,-1,-1,-1,-1,-1,-1,-1,-1,-1,-1,-1,-1,-1,72,86,100,-1,-1,-1,-1,-1,-1,-1,-1,-1,41,50,60,-1,-1,-1,-1,-1,-1,32,41,0,-1,72,86,-1,-1,74,-1,-1,-1,-1,-1,-1,0,10,19,-1,-1,18,31,-1,-1,-1,-1,-1,-1,-1,-1,-1,-1,-1,-1,-1,-1,-1,-1,-1,-1,-1,-1,-1
The Kitano New York,-1,-1,-1,-1,-1,-1,-1,-1,-1,-1,-1,-1,-1,-1,-1,-1,-1,-1,-1,-1,-1,-1,-1,-1,-1,-1,-1,-1,96,-1,-1,-1,-1,-1,-1,-1,-1,-1,-1,-1,-1,-1,-1,-1,-1,-1,-1,-1,-1,-1,-1,-1,-1,-1,-1,-1,-1,-1,-1,-1,0,12,-1,-1,-1,-1,-1,-1,-1,-1,-1,-1,-1,-1,-1,-1,-1,-1,-1,-1,75,76,-1,-1,-1,-1,-1,-1,-1,70,-1,-1,54,70,83,88,-1,-1,-1,-1,57,-1,-1,-1,-1,-1,-1,-1,82,100,-1,-1,-1,-1,-1,-1,-1,-1,-1,-1,-1,-1,-1,-1,-1,-1,-1,96,-1,-1,-1,-1,-1,-1,-1,-1,-1,-1,-1,-1,-1,-1,-1,-1,-1,-1,-1,-1,-1,-1,-1,-1,-1,-1,-1,-1,-1,-1,-1,-1
The SunBright,-1,-1,-1,-1,-1,-1,-1,-1,-1,-1,-1,-1,-1,-1,-1,-1,-1,88,-1,-1,-1,-1,100,-1,-1,-1,-1,-1,-1,-1,-1,-1,-1,-1,-1,-1,-1,-1,-1,-1,-1,-1,-1,-1,-1,-1,88,-1,-1,-1,-1,-1,-1,-1,-1,-1,-1,-1,-1,-1,-1,-1,-1,-1,-1,-1,-1,-1,-1,-1,-1,-1,-1,-1,-1,-1,-1,-1,-1,-1,-1,-1,-1,-1,-1,68,87,-1,-1,-1,-1,-1,-1,-1,-1,-1,25,44,-1,-1,-1,-1,-1,-1,0,-1,88,-1,-1,-1,-1,-1,-1,-1,-1,-1,-1,-1,-1,-1,-1,58,76,-1,-1,-1,-1,-1,-1,-1,-1,-1,-1,81,-1,-1,-1,-1,-1,-1,-1,-1,-1,-1,-1,88,70,-1,-1,-1,-1,-1,-1,-1,-1,-1,-1,-1,-1,-1
Hampton Inn Manhattan Times Square Central,-1,38,38,32,49,48,50,49,32,32,-1,34,-1,34,35,-1,63,52,-1,51,-1,57,59,49,-1,21,-1,-1,34,34,-1,-1,-1,-1,28,-1,55,57,41,50,-1,-1,25,24,-1,45,-1,-1,-1,-1,-1,-1,-1,-1,-1,-1,19,-1,-1,20,61,-1,18,39,-1,-1,46,46,-1,-1,-1,-1,-1,29,41,41,-1,2,22,7,57,-1,89,100,54,-1,-1,-1,-1,-1,-1,-1,-1,-1,-1,-1,28,53,55,50,55,43,44,36,43,-1,24,-1,-1,25,-1,-1,-1,-1,-1,-1,49,46,44,43,-1,53,39,-1,85,74,33,-1,-1,-1,-1,-1,-1,29,21,-1,-1,0,-1,-1,40,-1,31,39,50,54,50,-1,-1,-1,29,-1,19,21,19,17,41,-1,-1,37
Holiday Inn New York JFK Airport Area,-1,-1,-1,-1,43,-1,-1,-1,-1,-1,-1,-1,-1,-1,-1,-1,12,-1,-1,-1,-1,-1,-1,-1,-1,-1,-1,-1,-1,-1,-1,-1,-1,-1,-1,-1,35,-1,-1,-1,-1,-1,-1,-1,10,-1,-1,-1,79,88,-1,-1,-1,-1,-1,-1,-1,-1,-1,-1,71,79,-1,-1,-1,-1,-1,-1,-1,-1,-1,-1,26,-1,-1,-1,-1,-1,-1,-1,-1,-1,-1,-1,-1,-1,-1,-1,-1,-1,-1,-1,-1,-1,100,-1,-1,-1,18,4,-1,63,-1,-1,0,12,-1,-1,-1,-1,-1,-1,-1,-1,-1,-1,18,-1,-1,-1,7,-1,-1,-1,71,66,-1,-1,-1,-1,-1,-1,-1,-1,-1,-1,80,89,-1,-1,73,83,-1,-1,21,-1,-1,-1,-1,-1,-1,-1,-1,-1,-1,-1,-1,-1,10,-1
Hampton Inn Manhattan-Seaport-Financial District,58,63,72,-1,-1,81,92,-1,58,67,77,61,-1,29,30,-1,-1,65,78,-1,-1,-1,-1,-1,64,58,53,63,-1,-1,-1,-1,-1,52,-1,-1,-1,-1,-1,-1,55,49,44,46,-1,84,76,-1,-1,85,-1,-1,-1,76,-1,-1,38,46,47,-1,-1,42,43,-1,78,64,43,46,46,51,51,46,93,94,100,-1,-1,27,24,22,86,89,92,-1,82,91,-1,-1,-1,-1,-1,-1,84,83,92,-1,-1,54,51,67,100,94,89,85,34,-1,-1,46,95,-1,-1,-1,-1,84,88,89,-1,-1,-1,-1,-1,40,65,65,99,94,87,-1,-1,-1,-1,-1,63,64,72,-1,-1,37,33,20,-1,-1,-1,0,-1,-1,-1,-1,-1,51,68,-1,42,37,36,54,-1,-1,32,-1
DoubleTree by Hilton New York City - Chelsea,31,40,42,-1,-1,-1,94,73,39,49,51,47,38,40,39,29,-1,-1,-1,49,-1,-1,-1,-1,61,56,54,-1,24,32,27,28,38,38,40,36,-1,-1,-1,-1,36,28,26,19,48,48,-1,-1,-1,68,-1,72,-1,-1,81,81,-1,-1,23,26,-1,28,32,37,-1,55,61,66,35,45,29,37,-1,49,50,-1,-1,12,6,14,91,96,100,94,54,-1,-1,-1,-1,-1,92,89,-1,38,-1,-1,47,51,52,53,-1,58,-1,51,-1,-1,34,23,-1,-1,76,-1,51,51,-1,47,58,60,58,50,-1,-1,-1,-1,-1,68,-1,-1,83,80,-1,88,-1,61,-1,-1,-1,-1,25,-1,31,27,-1,-1,-1,-1,-1,-1,-1,-1,-1,-1,-1,29,-1,-1,31,-1,-1,0
Courtyard by Marriott New York Manhattan   Central Park,-1,-1,-1,-1,-1,-1,-1,-1,-1,-1,-1,-1,-1,-1,-1,-1,-1,-1,-1,-1,-1,-1,-1,-1,-1,-1,-1,-1,-1,-1,-1,-1,-1,-1,60,-1,-1,-1,80,81,13,15,23,-1,-1,-1,79,-1,-1,-1,-1,-1,-1,-1,-1,-1,11,15,-1,-1,-1,-1,-1,-1,-1,-1,-1,-1,-1,-1,25,-1,-1,-1,-1,79,-1,-1,-1,6,-1,-1,-1,-1,-1,-1,-1,-1,-1,-1,-1,-1,-1,-1,-1,100,-1,-1,-1,-1,-1,-1,-1,-1,-1,-1,-1,-1,-1,-1,-1,-1,-1,-1,-1,-1,-1,-1,-1,-1,-1,-1,50,-1,-1,-1,-1,-1,-1,-1,-1,-1,-1,-1,-1,-1,-1,0,-1,-1,-1,-1,-1,-1,-1,93,88,-1,-1,-1,-1,-1,-1,-1,-1,-1,21,33,26,-1
Embassy Suites Newark Airport,-1,-1,-1,-1,-1,-1,-1,-1,-1,-1,-1,-1,-1,-1,-1,-1,-1,-1,-1,-1,-1,-1,-1,-1,-1,-1,-1,-1,-1,-1,-1,-1,-1,-1,-1,-1,-1,-1,-1,-1,-1,-1,-1,-1,-1,-1,-1,-1,-1,-1,-1,-1,-1,-1,-1,-1,-1,-1,-1,-1,-1,-1,-1,-1,-1,-1,-1,-1,-1,-1,-1,-1,-1,-1,-1,-1,-1,-1,-1,-1,-1,-1,-1,-1,-1,-1,-1,-1,-1,-1,-1,-1,-1,-1,-1,-1,-1,-1,-1,-1,-1,-1,-1,-1,-1,-1,-1,-1,-1,-1,-1,-1,-1,-1,-1,-1,-1,-1,-1,-1,-1,-1,-1,-1,-1,-1,-1,-1,-1,-1,-1,-1,-1,-1,-1,-1,-1,-1,-1,-1,-1,-1,-1,-1,-1,-1,-1,-1,-1,-1,-1,-1,-1,-1,-1,-1,-1,-1,-1,-1
W New York - Union Square,51,56,59,60,-1,77,83,-1,-1,61,65,-1,-1,6,-1,-1,66,70,74,-1,69,76,80,-1,57,61,53,-1,-1,23,28,33,-1,55,-1,-1,-1,61,57,54,-1,56,52,49,-1,56,52,48,-1,89,-1,-1,-1,-1,-1,-1,24,28,31,-1,-1,-1,-1,-1,-1,-1,78,86,55,64,59,-1,-1,61,58,54,-1,-1,-1,-1,-1,-1,-1,-1,64,68,63,-1,-1,-1,-1,-1,-1,-1,-1,-1,-1,-1,-1,-1,-1,65,61,-1,-1,-1,-1,22,-1,84,84,-1,-1,64,60,-1,-1,77,74,84,-1,-1,-1,-1,-1,66,-1,-1,67,84,88,-1,77,77,-1,-1,-1,-1,-1,-1,-1,-1,-1,-1,-1,96,100,-1,-1,73,93,94,-1,-1,-1,-1,0,2,5,6
Hilton Garden Inn New York Midtown Park Ave,20,18,-1,-1,59,55,49,44,28,30,30,37,8,12,20,19,45,36,45,53,38,61,53,51,34,28,34,24,22,26,24,29,-1,-1,-1,-1,-1,-1,53,61,-1,-1,-1,-1,-1,24,22,24,-1,29,43,29,35,41,37,-1,16,20,-1,23,8,12,13,19,-1,-1,-1,-1,20,22,21,17,-1,39,28,31,-1,20,6,10,-1,-1,-1,-1,32,24,30,34,70,78,84,100,45,43,45,-1,35,25,-1,-1,38,40,34,34,15,20,14,17,45,-1,33,-1,55,55,51,53,-1,-1,-1,-1,-1,34,18,24,55,51,54,52,-1,-1,65,61,28,30,30,32,18,8,9,9,-1,11,6,2,-1,47,51,-1,-1,-1,-1,-1,-1,11,8,10,-1,19,0,-1
Westin New York at Times Square,51,59,54,51,65,70,77,62,58,59,65,-1,22,24,26,-1,85,90,93,-1,72,77,84,82,-1,62,55,54,30,33,39,-1,30,40,38,39,-1,52,48,47,-1,45,42,40,47,53,50,48,41,53,56,-1,-1,-1,76,-1,35,40,44,-1,23,26,31,18,40,68,72,-1,-1,51,57,54,-1,37,-1,24,-1,18,-1,8,80,83,86,87,-1,58,90,83,-1,92,86,86,38,37,39,-1,-1,61,56,-1,-1,-1,-1,-1,-1,53,46,40,-1,60,50,-1,-1,70,68,65,-1,82,76,71,-1,66,45,37,-1,99,-1,74,94,97,100,-1,52,70,67,-1,0,33,27,24,-1,-1,-1,-1,-1,97,74,-1,-1,78,83,-1,-1,17,-1,15,36,36,42,24
Smyth A Thompson Hotel,-1,31,-1,-1,-1,-1,36,41,86,92,88,-1,39,39,3,41,54,-1,-1,-1,-1,-1,-1,-1,-1,-1,72,-1,40,41,17,41,36,-1,-1,77,42,-1,-1,-1,9,-1,-1,-1,-1,-1,-1,-1,61,58,64,56,80,61,68,70,-1,-1,-1,-1,20,21,16,19,-1,-1,-1,-1,-1,-1,-1,-1,-1,-1,-1,-1,-1,-1,-1,-1,57,57,57,61,40,-1,-1,63,61,72,74,75,48,48,-1,-1,-1,-1,45,47,39,-1,-1,-1,-1,-1,-1,8,71,55,72,-1,34,-1,-1,34,-1,-1,-1,-1,-1,-1,21,-1,34,47,-1,-1,72,86,99,80,-1,100,-1,-1,0,6,-1,-1,10,3,18,-1,-1,-1,-1,-1,-1,-1,-1,64,-1,-1,-1,-1,-1,-1,-1,-1
Omni Berkshire Place,51,37,50,58,-1,47,49,50,41,-1,28,48,11,21,13,16,-1,-1,-1,-1,-1,-1,-1,-1,67,59,41,61,26,25,31,37,53,51,44,39,-1,-1,-1,-1,-1,54,-1,-1,32,28,40,-1,57,69,68,73,-1,70,91,100,-1,-1,-1,21,15,18,9,16,76,-1,47,58,50,45,-1,39,-1,37,-1,-1,-1,10,9,4,88,-1,-1,-1,-1,-1,-1,-1,-1,72,77,79,-1,-1,-1,-1,84,-1,-1,71,-1,-1,39,35,-1,19,22,27,77,56,61,-1,76,68,63,63,-1,52,-1,-1,52,43,53,50,48,44,41,-1,-1,-1,-1,-1,68,59,46,-1,55,0,28,57,46,38,24,21,-1,-1,-1,-1,-1,-1,-1,-1,15,16,29,27,-1,14,14,-1
McCarren Hotel & Pool,-1,-1,21,-1,52,54,-1,49,25,-1,17,-1,83,85,-1,-1,-1,-1,-1,25,64,67,58,59,23,28,38,37,-1,-1,44,-1,-1,24,-1,-1,40,-1,34,42,-1,-1,-1,-1,28,22,25,26,76,66,69,-1,-1,75,88,82,-1,-1,-1,-1,33,16,38,35,-1,19,-1,8,25,-1,-1,-1,-1,-1,52,42,6,11,19,20,54,56,54,-1,-1,22,23,-1,100,84,92,91,92,84,74,85,0,-1,-1,-1,42,32,-1,-1,24,13,19,27,-1,40,45,48,85,73,80,66,-1,-1,-1,-1,12,14,20,20,29,43,-1,-1,62,62,71,70,14,24,28,34,28,26,33,-1,30,27,30,30,-1,-1,-1,-1,25,18,-1,28,29,35,32,-1,-1,-1,4,-1
Hampton Inn New York - LaGuardia Airport,-1,-1,20,-1,-1,-1,-1,-1,-1,-1,-1,-1,-1,-1,-1,-1,-1,-1,-1,-1,-1,-1,-1,-1,-1,-1,-1,-1,-1,-1,-1,-1,-1,-1,-1,-1,-1,-1,-1,-1,-1,100,-1,-1,-1,-1,-1,-1,-1,-1,-1,-1,-1,-1,-1,-1,-1,-1,-1,-1,-1,-1,-1,-1,-1,-1,-1,-1,-1,-1,-1,-1,-1,-1,-1,-1,-1,-1,-1,-1,-1,-1,-1,-1,-1,-1,-1,-1,-1,-1,-1,-1,-1,-1,-1,-1,-1,-1,-1,-1,-1,-1,-1,-1,-1,-1,-1,-1,-1,-1,-1,-1,-1,-1,-1,-1,-1,-1,-1,-1,-1,-1,-1,-1,-1,-1,-1,-1,-1,-1,-1,-1,-1,-1,-1,-1,-1,-1,-1,-1,-1,-1,-1,-1,-1,-1,-1,-1,-1,-1,-1,-1,-1,-1,-1,-1,0,25,-1,-1
The Carlyle A Rosewood Hotel,8,22,24,22,-1,26,29,32,-1,-1,-1,-1,-1,-1,-1,-1,53,68,64,-1,-1,-1,-1,100,-1,-1,-1,-1,-1,-1,-1,-1,-1,-1,-1,-1,-1,-1,-1,-1,21,22,24,-1,-1,-1,-1,-1,29,55,72,56,-1,72,77,-1,-1,-1,-1,-1,-1,-1,-1,-1,-1,13,18,22,-1,-1,-1,-1,-1,-1,-1,-1,-1,-1,-1,-1,-1,-1,-1,-1,-1,-1,-1,-1,38,37,41,46,29,30,32,-1,-1,-1,-1,-1,-1,-1,-1,-1,-1,-1,-1,-1,-1,30,30,81,-1,-1,-1,-1,-1,-1,-1,-1,-1,-1,-1,-1,-1,-1,-1,-1,-1,-1,-1,-1,-1,81,-1,-1,38,53,-1,8,38,38,-1,0,32,64,38,45,-1,-1,-1,-1,-1,-1,-1,-1,-1,-1,-1,-1
Hilton Garden Inn Tribeca,-1,46,41,-1,-1,-1,-1,-1,-1,-1,-1,-1,-1,-1,-1,-1,-1,-1,-1,-1,-1,72,63,-1,46,-1,54,-1,-1,-1,-1,-1,-1,52,50,-1,-1,-1,-1,-1,39,40,-1,56,-1,-1,-1,-1,-1,75,-1,-1,-1,-1,-1,-1,-1,-1,-1,-1,-1,-1,-1,-1,-1,-1,-1,-1,-1,-1,60,59,-1,78,-1,-1,-1,-1,-1,0,-1,-1,-1,-1,-1,-1,-1,-1,-1,-1,-1,-1,-1,-1,-1,-1,-1,49,-1,-1,-1,-1,-1,-1,-1,-1,-1,-1,-1,-1,-1,-1,-1,-1,-1,-1,100,-1,80,80,29,23,-1,-1,-1,-1,-1,-1,-1,-1,-1,-1,-1,-1,-1,-1,-1,-1,-1,-1,-1,-1,-1,-1,-1,-1,-1,-1,-1,-1,-1,-1,-1,-1,-1,25,-1,-1,-1,-1
Hilton Garden Inn New York-Times Square Central,23,-1,22,28,58,59,-1,57,37,27,-1,-1,74,9,13,17,41,57,50,50,57,61,67,70,43,-1,26,43,17,13,18,17,32,25,-1,21,41,43,52,43,28,26,14,18,-1,48,-1,-1,55,55,44,62,-1,67,60,100,9,-1,-1,22,-1,-1,-1,-1,-1,-1,-1,-1,25,-1,-1,-1,53,60,-1,55,-1,-1,-1,-1,-1,52,59,57,-1,42,57,-1,-1,-1,89,73,93,75,76,87,-1,-1,-1,-1,71,-1,-1,51,-1,0,19,-1,77,76,67,-1,97,70,68,93,53,60,66,50,82,48,45,36,71,67,52,56,-1,-1,-1,73,43,44,-1,-1,-1,11,14,10,-1,-1,2,2,-1,51,57,-1,46,-1,-1,-1,-1,-1,-1,4,7,10,13,14
The St. Regis New York,-1,-1,-1,-1,-1,92,100,-1,-1,48,54,-1,-1,-1,-1,-1,67,11,13,23,-1,-1,-1,-1,-1,64,57,50,-1,-1,-1,-1,70,64,64,70,-1,-1,-1,-1,-1,-1,47,54,12,6,-1,60,-1,-1,-1,-1,-1,-1,-1,-1,-1,-1,-1,-1,-1,-1,-1,-1,-1,-1,-1,-1,-1,64,-1,-1,-1,-1,-1,-1,-1,-1,-1,20,-1,-1,-1,-1,5,-1,0,5,-1,-1,-1,-1,-1,-1,-1,97,-1,-1,-1,-1,-1,-1,77,83,-1,-1,-1,-1,-1,-1,-1,-1,-1,-1,98,-1,90,83,84,69,-1,-1,-1,-1,-1,-1,-1,-1,66,74,81,88,-1,67,60,-1,-1,-1,-1,-1,-1,-1,-1,-1,77,74,20,25,57,-1,44,-1,-1,-1,-1,-1,-1,-1,-1,-1
Hilton Garden Inn New York West 35th Street,17,10,14,-1,46,49,54,54,-1,37,41,-1,24,8,22,23,41,-1,-1,37,48,49,51,45,30,31,25,25,24,24,14,18,-1,29,23,17,29,28,38,-1,-1,-1,-1,15,36,41,36,38,35,38,33,32,56,49,51,100,16,24,23,23,0,17,10,14,-1,-1,-1,-1,27,27,21,17,-1,36,41,36,-1,-1,-1,-1,55,47,48,50,49,44,40,35,89,91,56,56,41,49,43,43,47,36,27,-1,-1,43,41,37,-1,8,21,23,67,54,51,52,51,51,49,46,56,53,48,54,-1,22,29,26,51,49,46,53,82,78,78,56,-1,-1,30,-1,14,16,15,15,15,18,15,13,43,45,51,-1,53,45,53,51,19,22,23,23,-1,12,11,23
New York Hilton Midtown,-1,25,28,-1,-1,52,85,67,-1,25,36,-1,-1,13,32,15,-1,-1,-1,-1,58,57,69,68,49,30,31,-1,-1,-1,30,31,20,27,-1,37,-1,-1,-1,56,-1,-1,36,22,-1,28,26,-1,-1,31,-1,-1,-1,-1,95,-1,-1,-1,93,67,-1,18,21,-1,-1,-1,27,-1,-1,-1,-1,-1,-1,47,50,-1,39,25,61,6,-1,-1,71,-1,46,-1,-1,-1,-1,-1,-1,-1,-1,-1,-1,-1,-1,-1,-1,-1,-1,85,39,-1,8,53,51,-1,92,-1,-1,-1,70,70,60,-1,-1,-1,59,-1,-1,-1,-1,-1,92,-1,36,-1,-1,-1,100,80,-1,-1,-1,-1,17,14,-1,19,19,13,-1,-1,-1,-1,-1,-1,-1,60,39,-1,-1,-1,25,-1,0,28,62,41
TRYP By Wyndham Times Square South,-1,-1,-1,-1,-1,-1,-1,-1,-1,-1,-1,-1,-1,-1,-1,-1,-1,-1,-1,-1,-1,-1,-1,-1,-1,-1,-1,-1,-1,-1,-1,-1,-1,-1,-1,-1,-1,-1,-1,-1,-1,-1,8,-1,58,-1,-1,59,-1,-1,-1,-1,-1,-1,-1,-1,-1,-1,-1,-1,-1,-1,-1,-1,21,-1,-1,-1,0,-1,-1,-1,74,-1,-1,-1,-1,-1,-1,-1,-1,-1,-1,-1,-1,-1,-1,62,-1,-1,-1,-1,-1,-1,-1,-1,-1,-1,-1,-1,59,-1,-1,-1,18,-1,-1,-1,-1,-1,-1,-1,-1,-1,-1,-1,-1,-1,-1,-1,-1,-1,-1,-1,76,-1,-1,59,-1,-1,-1,-1,100,-1,-1,-1,35,-1,-1,-1,21,-1,-1,-1,-1,-1,-1,-1,60,-1,-1,-1,-1,-1,-1,-1,-1,-1,-1,-1
Park Hyatt New York,-1,47,49,50,-1,-1,-1,-1,-1,47,49,50,18,-1,7,10,-1,-1,-1,-1,-1,47,65,-1,-1,-1,-1,-1,2,7,7,12,45,47,49,-1,62,63,65,-1,-1,-1,-1,-1,-1,-1,-1,-1,-1,-1,-1,-1,-1,65,-1,-1,-1,47,49,50,-1,-1,-1,-1,-1,-1,49,50,-1,-1,-1,-1,-1,-1,-1,-1,25,30,35,-1,79,63,65,-1,-1,-1,-1,-1,57,-1,-1,-1,-1,-1,55,100,-1,-1,-1,-1,-1,-1,-1,-1,-1,-1,-1,-1,-1,-1,-1,-1,-1,-1,97,-1,-1,-1,-1,-1,-1,-1,-1,-1,-1,-1,-1,-1,-1,63,65,-1,-1,-1,39,-1,-1,-1,-1,-1,-1,-1,-1,-1,-1,-1,-1,-1,-1,-1,-1,-1,12,0,0,2,-1,-1,-1,-1
New York Marriott at the Brooklyn Bridge,11,-1,-1,-1,-1,-1,95,-1,20,-1,43,-1,-1,-1,17,-1,36,-1,51,-1,-1,-1,-1,-1,-1,23,-1,-1,12,-1,17,-1,-1,30,23,15,-1,75,61,-1,-1,-1,-1,11,-1,42,40,24,-1,34,32,36,42,50,50,-1,0,-1,-1,-1,-1,-1,14,-1,-1,-1,-1,-1,-1,-1,-1,-1,-1,92,98,92,-1,-1,-1,-1,-1,-1,-1,-1,-1,37,31,-1,-1,-1,76,-1,-1,82,75,-1,-1,-1,-1,-1,-1,87,85,94,-1,27,-1,-1,-1,-1,50,-1,-1,86,-1,-1,-1,98,-1,-1,-1,-1,-1,-1,-1,93,100,-1,-1,-1,-1,-1,-1,-1,-1,-1,-1,-1,-1,-1,-1,-1,14,-1,-1,43,-1,-1,-1,-1,-1,-1,-1,12,9,9,-1,-1,-1,-1
GEM Hotel - Chelsea an Ascend Hotel Collection Member,-1,-1,-1,-1,-1,-1,-1,-1,-1,-1,-1,-1,-1,-1,-1,-1,-1,77,85,-1,99,-1,-1,-1,46,-1,31,-1,-1,-1,35,-1,-1,-1,-1,-1,-1,-1,-1,-1,-1,-1,-1,-1,-1,-1,-1,-1,-1,-1,-1,-1,-1,-1,-1,-1,-1,-1,-1,-1,-1,-1,-1,-1,-1,-1,-1,-1,-1,-1,-1,-1,-1,-1,-1,-1,-1,-1,0,-1,-1,-1,-1,-1,-1,84,76,62,-1,-1,-1,-1,-1,-1,-1,-1,-1,-1,67,49,-1,-1,69,69,-1,-1,-1,-1,-1,64,-1,-1,-1,-1,-1,-1,-1,-1,-1,-1,-1,44,41,28,-1,76,-1,-1,-1,-1,-1,-1,52,53,-1,-1,-1,-1,-1,-1,-1,-1,-1,-1,-1,-1,100,-1,-1,-1,-1,-1,-1,31,-1,26,-1,-1,-1,-1
Sheraton LaGuardia East Hotel,-1,-1,-1,-1,-1,-1,-1,-1,-1,-1,41,-1,-1,-1,-1,-1,46,38,30,46,93,82,71,96,-1,0,-1,-1,-1,-1,-1,-1,-1,15,23,-1,76,64,70,-1,-1,-1,-1,-1,46,38,38,46,-1,-1,-1,-1,-1,-1,-1,-1,-1,15,14,96,-1,-1,-1,-1,-1,-1,-1,-1,-1,-1,-1,-1,-1,-1,-1,-1,-1,-1,-1,-1,38,-1,-1,39,58,-1,-1,-1,-1,-1,-1,-1,-1,-1,-1,-1,-1,-1,-1,-1,-1,-1,-1,22,-1,-1,-1,-1,-1,-1,-1,-1,-1,41,-1,-1,-1,79,90,100,-1,-1,-1,-1,32,33,26,-1,-1,46,37,-1,39,32,26,-1,-1,-1,-1,-1,-1,-1,-1,-1,34,35,27,19,-1,-1,22,67,-1,-1,-1,-1,-1,-1,-1,-1
Magnuson Convention Center Hotel,-1,-1,-1,-1,80,85,83,-1,52,55,56,-1,39,42,41,39,-1,70,70,-1,-1,-1,-1,-1,-1,51,50,47,54,52,51,48,-1,-1,-1,-1,59,63,60,58,16,19,17,15,58,62,-1,-1,70,74,73,70,71,75,73,69,-1,-1,-1,-1,35,38,38,35,36,-1,-1,-1,-1,24,23,21,70,74,62,59,0,2,2,0,83,87,85,-1,45,49,47,44,90,94,-1,-1,81,97,97,93,-1,-1,-1,-1,74,78,77,74,-1,-1,-1,-1,-1,74,74,45,95,100,100,96,60,65,63,60,-1,-1,-1,-1,72,76,75,71,-1,-1,-1,-1,44,48,47,44,30,33,32,30,29,32,45,28,62,66,73,69,-1,51,51,48,48,51,50,48,-1,-1,-1,-1
Martha Washington,-1,29,-1,-1,95,76,90,93,52,48,51,51,28,22,24,-1,67,64,82,46,82,70,78,50,-1,-1,-1,-1,52,47,57,54,40,45,46,-1,60,71,35,-1,28,-1,-1,-1,32,-1,35,-1,63,90,82,96,82,70,82,71,19,21,-1,29,-1,-1,-1,-1,-1,39,44,-1,-1,-1,-1,-1,63,77,76,-1,0,1,-1,-1,-1,61,87,83,-1,-1,-1,-1,92,76,82,84,71,84,88,100,33,44,38,41,60,68,68,23,-1,32,35,-1,-1,53,-1,-1,-1,56,-1,-1,-1,56,-1,-1,-1,-1,48,56,-1,56,-1,-1,95,97,100,93,37,47,53,50,-1,-1,-1,-1,-1,-1,-1,-1,-1,77,78,82,-1,55,52,61,38,-1,39,-1,-1,-1,-1,-1
DoubleTree Suites by Hilton New York City - Times Square,0,0,0,-1,-1,-1,-1,-1,-1,21,11,-1,-1,-1,-1,-1,54,63,-1,-1,-1,-1,-1,64,9,4,20,-1,-1,-1,24,-1,-1,0,11,-1,-1,-1,57,-1,-1,4,-1,-1,-1,-1,-1,-1,-1,41,41,41,29,38,-1,-1,8,15,10,-1,-1,-1,-1,-1,-1,-1,-1,-1,5,0,12,-1,45,48,56,50,-1,13,13,-1,-1,-1,-1,-1,-1,-1,-1,-1,-1,-1,-1,-1,-1,-1,-1,-1,21,23,20,-1,-1,-1,-1,-1,-1,23,22,24,-1,50,27,-1,-1,-1,63,67,-1,54,57,-1,28,16,18,-1,-1,42,-1,-1,-1,-1,-1,100,-1,15,22,-1,-1,-1,-1,-1,-1,-1,-1,-1,-1,-1,-1,-1,-1,-1,-1,-1,9,14,20,-1,-1,-1,-1,-1
The Premier Hotel New York,37,23,35,40,-1,-1,-1,-1,-1,-1,-1,-1,-1,-1,-1,-1,-1,-1,-1,64,-1,100,-1,-1,-1,47,49,62,-1,-1,-1,-1,-1,-1,-1,-1,-1,-1,-1,-1,70,12,17,28,-1,-1,37,51,-1,-1,-1,-1,-1,-1,-1,-1,57,-1,-1,-1,-1,-1,-1,-1,52,38,30,14,13,0,4,15,-1,-1,-1,-1,-1,-1,52,66,-1,-1,-1,-1,-1,-1,-1,-1,-1,-1,-1,-1,-1,-1,-1,-1,-1,-1,-1,-1,-1,-1,-1,-1,-1,36,-1,-1,-1,-1,-1,-1,-1,-1,-1,-1,-1,-1,-1,-1,34,39,-1,-1,-1,-1,-1,-1,-1,-1,-1,-1,6,39,28,42,-1,-1,-1,-1,-1,-1,-1,-1,-1,-1,-1,-1,-1,-1,-1,-1,-1,-1,-1,-1,-1,-1,-1,-1
Hyatt Place New York Midtown South,31,10,18,10,-1,-1,-1,-1,27,27,35,35,-1,-1,-1,-1,48,-1,-1,-1,-1,-1,-1,-1,-1,28,27,-1,-1,-1,-1,-1,-1,-1,35,-1,-1,56,46,-1,-1,12,34,-1,-1,-1,53,-1,-1,-1,-1,54,-1,-1,52,-1,-1,16,17,-1,-1,-1,-1,-1,38,63,59,34,-1,21,-1,-1,-1,-1,59,-1,-1,19,2,-1,-1,-1,-1,73,-1,35,63,-1,-1,68,71,73,-1,-1,-1,-1,-1,56,56,-1,-1,-1,-1,-1,36,31,35,31,-1,-1,-1,-1,61,60,-1,61,-1,41,38,-1,46,48,46,38,48,61,-1,46,-1,-1,-1,100,52,86,-1,52,-1,-1,2,0,-1,-1,-1,-1,-1,56,-1,-1,-1,54,53,-1,-1,-1,-1,-1,27,31,27,31
Hampton Inn Manhattan Downtown-Financial District,51,51,56,52,74,89,100,-1,51,50,66,60,-1,-1,40,-1,-1,-1,-1,-1,75,72,83,-1,54,54,51,44,-1,26,30,-1,36,31,-1,-1,59,70,-1,38,-1,32,16,20,41,50,46,48,-1,-1,-1,-1,85,68,50,-1,-1,44,55,-1,26,25,28,-1,-1,73,75,84,54,39,36,46,72,75,-1,-1,-1,0,-1,-1,-1,-1,-1,-1,-1,69,-1,-1,-1,61,70,91,70,90,97,100,-1,49,47,-1,61,-1,-1,-1,-1,-1,-1,-1,90,-1,-1,-1,91,60,84,50,-1,-1,66,74,-1,-1,-1,-1,79,-1,77,71,91,93,-1,-1,55,54,53,-1,19,15,-1,-1,-1,17,16,-1,-1,-1,-1,-1,48,56,68,81,13,24,-1,-1,-1,-1,-1,-1
W New York Times Square,58,62,65,48,-1,67,84,93,62,66,70,64,27,30,33,40,-1,-1,98,71,74,79,82,93,45,34,40,32,28,29,34,35,23,40,33,51,55,54,58,64,-1,42,28,42,80,80,50,80,-1,-1,-1,-1,70,-1,66,82,25,28,31,50,23,23,30,-1,-1,77,81,54,-1,31,26,21,-1,-1,-1,-1,0,13,8,3,84,88,92,100,-1,-1,-1,-1,87,-1,81,92,80,81,-1,80,-1,-1,-1,-1,71,80,-1,49,-1,-1,-1,-1,-1,-1,-1,-1,-1,-1,-1,72,83,-1,67,-1,-1,-1,-1,-1,83,-1,-1,-1,-1,-1,-1,-1,50,55,47,64,10,-1,-1,-1,-1,1,21,20,-1,-1,-1,-1,-1,81,86,68,-1,17,16,39,54,58,58,60
Waldorf Astoria New York,41,37,31,-1,65,63,73,-1,80,71,-1,-1,22,18,25,23,-1,-1,-1,-1,-1,-1,-1,-1,62,65,66,65,-1,-1,-1,-1,-1,-1,-1,-1,65,-1,66,68,-1,-1,-1,-1,-1,43,40,-1,-1,-1,61,59,84,-1,-1,-1,25,29,40,-1,25,30,27,31,66,57,15,71,-1,-1,27,40,-1,-1,-1,-1,-1,-1,30,-1,45,-1,-1,-1,51,-1,51,-1,-1,-1,-1,-1,-1,-1,-1,-1,-1,-1,75,-1,-1,-1,89,84,-1,-1,-1,45,48,45,43,-1,64,54,35,61,49,49,53,48,-1,45,74,73,73,-1,75,-1,-1,-1,-1,-1,-1,69,63,77,53,58,61,31,40,37,58,57,73,64,-1,-1,-1,100,96,-1,0,0,4,1,-1,-1,30,-1
The Roosevelt Hotel New York City,36,41,41,37,64,60,96,91,60,74,74,86,27,14,13,14,71,100,96,91,71,100,96,91,-1,-1,-1,-1,14,-1,-1,14,50,50,49,46,93,100,96,100,20,29,21,-1,54,49,69,93,69,63,59,74,70,-1,-1,-1,30,29,34,26,17,14,13,14,-1,43,43,33,13,29,14,21,44,87,84,100,20,19,0,19,71,-1,-1,56,-1,53,51,-1,-1,87,96,94,79,81,81,70,43,-1,-1,49,54,81,86,51,21,-1,14,-1,-1,66,71,-1,36,56,74,-1,69,96,87,76,36,33,33,-1,94,84,74,-1,-1,93,93,93,47,49,-1,-1,-1,-1,-1,-1,34,14,13,-1,100,91,77,78,34,90,90,50,-1,-1,-1,-1,34,36,36,26
Manhattan NYC-an Affinia hotel,19,22,24,-1,-1,81,-1,-1,32,37,41,33,-1,-1,-1,-1,-1,-1,-1,61,76,82,90,-1,-1,35,33,29,-1,-1,-1,-1,23,36,37,27,62,74,76,64,-1,-1,-1,-1,-1,51,44,46,-1,-1,-1,-1,-1,-1,-1,-1,-1,-1,-1,-1,-1,-1,-1,-1,-1,32,34,-1,12,12,12,12,-1,-1,65,72,0,1,2,0,-1,-1,-1,-1,-1,42,44,47,-1,-1,-1,-1,-1,-1,-1,-1,-1,-1,24,28,-1,54,-1,-1,-1,-1,-1,-1,-1,73,71,90,32,83,29,-1,-1,55,62,69,-1,-1,-1,20,-1,62,61,62,86,93,100,-1,-1,38,35,42,-1,-1,-1,-1,-1,-1,-1,-1,-1,-1,-1,-1,56,44,51,-1,-1,-1,-1,-1,-1,-1,-1,-1
The Standard East Village,70,63,-1,63,-1,67,74,-1,58,68,63,58,32,17,20,22,66,-1,60,48,-1,67,69,68,55,52,-1,-1,100,-1,-1,-1,69,55,-1,-1,97,81,90,85,53,-1,57,-1,49,-1,-1,-1,70,71,66,-1,-1,-1,-1,-1,-1,49,-1,-1,-1,-1,-1,-1,-1,-1,-1,-1,-1,47,49,-1,-1,-1,-1,-1,-1,-1,-1,-1,91,-1,-1,-1,68,-1,-1,-1,-1,-1,-1,-1,-1,81,86,-1,-1,-1,-1,-1,-1,-1,-1,-1,-1,-1,-1,-1,-1,-1,-1,-1,-1,-1,-1,-1,-1,-1,-1,74,-1,-1,-1,-1,-1,-1,-1,-1,-1,72,-1,-1,37,-1,-1,-1,-1,51,-1,42,39,37,33,31,69,67,64,82,67,74,76,75,27,-1,28,25,6,-1,0,-1
Ramada Long Island City,-1,-1,-1,-1,-1,-1,-1,-1,-1,-1,-1,-1,-1,-1,-1,-1,-1,-1,-1,-1,-1,-1,-1,-1,11,9,15,-1,-1,-1,-1,-1,-1,17,-1,-1,-1,67,-1,-1,-1,-1,-1,-1,-1,21,-1,-1,-1,78,-1,-1,-1,-1,-1,-1,-1,-1,-1,-1,-1,-1,-1,-1,-1,-1,-1,-1,0,4,10,-1,-1,100,-1,-1,-1,-1,-1,-1,-1,-1,-1,-1,17,-1,-1,-1,-1,-1,-1,-1,-1,78,-1,-1,-1,-1,-1,-1,-1,-1,-1,-1,-1,10,-1,-1,-1,100,-1,-1,72,78,-1,-1,72,78,77,-1,7,4,10,-1,72,100,-1,-1,-1,-1,-1,-1,-1,-1,-1,-1,37,41,46,-1,-1,55,30,-1,-1,-1,-1,-1,-1,-1,-1,-1,-1,55,9,-1,-1,-1,-1,-1
ink48 hotel a Kimpton Hotel,-1,94,-1,-1,-1,-1,-1,-1,93,94,-1,88,13,13,19,-1,-1,-1,-1,-1,-1,-1,-1,-1,97,91,-1,-1,-1,45,71,-1,78,91,79,-1,-1,-1,-1,-1,-1,-1,-1,-1,-1,-1,-1,-1,-1,-1,-1,-1,-1,-1,-1,-1,-1,-1,-1,-1,-1,-1,-1,-1,-1,-1,100,-1,-1,-1,-1,-1,-1,-1,78,-1,-1,-1,-1,-1,-1,-1,-1,-1,-1,-1,-1,-1,-1,-1,-1,-1,-1,-1,-1,-1,-1,71,-1,-1,64,-1,78,-1,-1,-1,25,36,-1,-1,-1,-1,-1,-1,-1,-1,-1,-1,93,-1,-1,-1,87,-1,97,70,67,77,-1,-1,-1,-1,-1,-1,-1,-1,22,16,10,13,0,10,16,-1,-1,-1,-1,-1,-1,-1,-1,-1,-1,51,-1,-1,-1,-1,-1,-1
Homewood Suites by Hilton NY Midtown Manhattan Times Square,29,31,16,49,68,67,60,67,0,60,65,60,-1,-1,-1,-1,74,70,78,72,-1,-1,-1,72,35,66,64,-1,28,29,27,36,-1,65,60,46,72,60,69,-1,-1,24,-1,-1,-1,60,-1,-1,-1,78,50,62,70,70,74,72,-1,-1,-1,-1,-1,-1,-1,-1,-1,44,50,-1,39,27,8,27,-1,60,60,-1,-1,-1,21,8,76,-1,98,-1,68,78,-1,-1,72,-1,65,74,-1,84,88,77,-1,-1,-1,-1,-1,69,64,63,38,-1,49,-1,76,-1,70,-1,100,92,79,38,76,74,55,68,-1,-1,-1,-1,76,62,-1,-1,-1,-1,-1,-1,68,66,78,-1,53,42,24,59,33,46,29,13,-1,75,78,-1,-1,66,65,-1,39,38,34,25,-1,-1,-1,45
Radisson Martinique on Broadway,23,23,23,23,-1,-1,-1,-1,-1,-1,-1,-1,-1,-1,-1,-1,-1,-1,78,71,-1,69,-1,-1,-1,-1,-1,-1,-1,-1,-1,-1,-1,-1,-1,-1,-1,68,-1,-1,-1,-1,21,-1,-1,-1,60,-1,-1,48,-1,-1,-1,48,-1,-1,-1,-1,-1,-1,-1,-1,-1,-1,-1,-1,-1,-1,21,21,21,21,-1,50,-1,-1,-1,-1,-1,0,-1,-1,-1,-1,-1,69,73,-1,-1,-1,-1,-1,-1,-1,-1,-1,-1,49,46,-1,-1,-1,-1,-1,-1,-1,-1,-1,-1,56,-1,-1,-1,-1,-1,-1,-1,-1,-1,-1,-1,-1,-1,30,54,58,54,54,-1,75,-1,-1,-1,-1,-1,-1,-1,-1,-1,-1,-1,-1,-1,-1,82,82,93,100,-1,-1,-1,-1,-1,-1,-1,-1,27,-1,-1,-1
Langham Place New York Fifth Avenue,41,45,53,50,68,69,76,85,62,62,69,78,47,21,21,23,43,44,49,-1,74,66,71,74,-1,-1,-1,-1,55,54,61,9,52,-1,-1,-1,44,68,69,-1,-1,38,39,-1,56,-1,55,-1,-1,78,-1,-1,88,84,82,-1,51,49,56,67,53,54,20,20,56,47,50,65,-1,-1,-1,57,63,68,-1,57,-1,-1,-1,-1,81,74,85,92,-1,59,-1,-1,100,88,91,92,66,83,81,-1,-1,-1,61,65,71,65,-1,97,32,-1,-1,-1,-1,78,-1,-1,-1,-1,-1,-1,-1,-1,-1,-1,30,-1,-1,36,58,-1,-1,-1,88,83,91,92,-1,-1,-1,-1,-1,-1,-1,13,4,4,5,-1,88,57,59,64,85,70,77,86,33,36,0,-1,45,44,44,-1
The New York EDITION,-1,-1,44,-1,-1,44,63,-1,-1,-1,51,-1,-1,4,1,-1,-1,31,44,-1,-1,44,63,-1,-1,44,-1,-1,-1,4,1,-1,-1,-1,-1,-1,-1,-1,-1,-1,-1,-1,-1,-1,-1,-1,-1,-1,-1,55,54,-1,-1,56,77,100,-1,-1,16,-1,-1,4,1,-1,-1,-1,50,-1,-1,44,-1,-1,-1,-1,-1,-1,-1,0,-1,-1,-1,47,66,-1,-1,44,-1,-1,-1,53,74,-1,-1,-1,-1,-1,-1,51,-1,-1,-1,-1,-1,-1,-1,-1,-1,-1,-1,79,59,-1,-1,79,59,-1,-1,63,44,-1,-1,39,-1,-1,-1,63,44,-1,-1,44,63,-1,-1,50,-1,-1,-1,1,4,-1,-1,3,3,-1,-1,-1,50,-1,-1,-1,56,-1,-1,3,3,-1,-1,-1,22,-1
Hampton Inn Manhattan Times Square South,24,24,23,-1,45,47,52,53,-1,-1,-1,-1,30,31,29,31,-1,-1,-1,-1,-1,-1,-1,65,22,25,25,26,41,-1,42,42,-1,-1,-1,-1,-1,-1,-1,-1,-1,19,-1,11,-1,-1,-1,-1,46,60,-1,-1,88,-1,-1,-1,-1,-1,-1,-1,6,5,6,6,-1,-1,-1,-1,-1,-1,-1,-1,-1,-1,-1,-1,-1,-1,-1,-1,85,80,83,-1,-1,-1,-1,-1,-1,-1,-1,67,-1,56,-1,-1,16,16,16,28,-1,-1,-1,-1,-1,-1,-1,-1,-1,-1,-1,-1,55,56,-1,-1,-1,-1,-1,-1,-1,-1,-1,-1,-1,38,-1,-1,-1,-1,84,100,-1,-1,-1,-1,-1,5,0,1,-1,-1,-1,-1,-1,-1,-1,-1,-1,-1,40,36,12,12,14,6,-1,-1,-1,-1
Conrad New York,63,43,66,61,43,78,83,-1,-1,48,63,-1,24,21,28,32,59,62,66,72,-1,-1,-1,89,69,56,46,54,-1,24,34,43,-1,56,39,36,-1,79,85,89,-1,92,70,60,-1,70,63,-1,-1,47,-1,-1,-1,-1,66,-1,54,31,49,67,21,26,30,-1,-1,68,58,65,77,61,59,-1,-1,62,52,71,-1,0,0,0,-1,-1,-1,100,64,74,58,-1,-1,-1,-1,-1,-1,-1,65,64,73,72,74,-1,-1,-1,85,89,-1,-1,61,56,82,76,-1,-1,72,49,44,64,75,62,68,-1,73,68,63,78,72,60,48,74,-1,-1,86,87,68,55,64,-1,29,-1,26,-1,32,27,23,21,-1,62,65,64,-1,-1,65,78,30,29,27,24,38,17,13,11
Shelburne NYC-an Affinia hotel,50,67,47,-1,-1,90,-1,-1,42,100,39,-1,15,-1,-1,-1,-1,-1,-1,81,-1,-1,-1,-1,-1,73,91,50,16,-1,-1,-1,75,-1,-1,50,-1,-1,-1,-1,58,-1,-1,-1,-1,84,84,82,-1,-1,-1,-1,-1,-1,-1,-1,-1,18,19,-1,-1,-1,-1,-1,-1,61,46,59,-1,56,70,19,-1,-1,-1,-1,0,1,1,-1,-1,-1,-1,-1,-1,78,83,94,-1,-1,-1,-1,-1,-1,-1,-1,-1,-1,-1,-1,-1,-1,83,-1,47,-1,-1,40,-1,-1,-1,-1,-1,41,-1,-1,-1,-1,-1,-1,-1,-1,-1,-1,-1,91,84,-1,-1,-1,-1,-1,52,56,59,-1,-1,-1,-1,-1,-1,-1,-1,-1,-1,-1,-1,-1,-1,62,45,45,7,14,-1,-1,50,49,-1,-1
Hampton Inn Manhattan United Nations,28,31,43,43,38,70,66,72,31,31,35,-1,37,40,28,30,57,55,57,79,86,75,92,100,44,40,33,26,41,58,47,63,-1,23,25,24,-1,-1,57,48,-1,-1,17,15,37,49,44,31,66,65,69,45,80,91,88,-1,-1,-1,-1,-1,18,22,21,25,29,45,44,-1,-1,-1,-1,-1,-1,-1,63,-1,0,13,17,16,-1,-1,100,-1,50,45,46,45,-1,-1,-1,-1,59,52,47,40,53,41,55,63,-1,72,69,45,28,-1,25,16,54,48,52,-1,66,48,43,56,72,96,99,86,-1,-1,30,-1,67,78,63,66,86,91,-1,-1,45,45,-1,-1,-1,-1,-1,-1,-1,-1,19,-1,80,63,73,-1,-1,-1,43,-1,-1,28,40,33,17,22,24,-1
W New York,48,48,48,-1,54,60,64,-1,60,64,58,64,-1,7,15,-1,-1,78,86,72,-1,97,100,-1,-1,45,60,-1,11,14,17,23,-1,-1,-1,55,77,80,84,-1,-1,-1,26,41,-1,72,-1,-1,-1,-1,-1,-1,-1,-1,-1,-1,-1,-1,-1,-1,4,7,12,-1,-1,49,-1,-1,-1,30,48,-1,-1,75,45,-1,-1,0,2,-1,84,74,87,77,-1,-1,70,-1,82,-1,-1,-1,71,74,77,78,-1,84,-1,-1,-1,50,45,44,-1,-1,-1,-1,-1,76,-1,-1,75,68,81,83,-1,-1,-1,-1,-1,52,47,-1,80,71,62,69,53,62,71,78,84,78,72,-1,-1,16,16,-1,-1,-1,-1,-1,-1,-1,-1,-1,-1,74,74,83,-1,3,3,-1,16,-1,-1,-1
The Shoreham Hotel,-1,-1,-1,-1,-1,-1,-1,-1,-1,-1,-1,-1,-1,-1,-1,-1,-1,-1,-1,-1,40,40,40,40,-1,-1,-1,-1,-1,-1,-1,-1,38,38,38,38,-1,-1,-1,-1,-1,-1,-1,-1,-1,-1,-1,-1,-1,-1,54,-1,-1,-1,55,53,-1,-1,-1,-1,-1,-1,-1,-1,45,45,45,45,-1,-1,-1,-1,-1,-1,-1,-1,-1,-1,-1,-1,-1,-1,-1,-1,-1,-1,-1,-1,-1,-1,-1,76,-1,-1,84,-1,-1,-1,-1,-1,76,-1,-1,-1,-1,-1,-1,-1,-1,-1,-1,-1,100,92,-1,-1,-1,75,-1,-1,-1,-1,-1,-1,-1,-1,-1,-1,-1,-1,-1,-1,-1,-1,-1,-1,-1,-1,-1,-1,-1,-1,-1,-1,-1,-1,-1,-1,-1,-1,-1,-1,-1,-1,-1,-1,-1,-1,-1,0
Andaz Wall Street - a concept by Hyatt,47,34,50,-1,65,55,53,-1,-1,61,54,-1,-1,-1,-1,-1,49,32,63,67,71,54,67,61,33,-1,-1,20,35,20,34,-1,32,33,28,-1,45,59,52,49,32,41,33,28,53,56,60,-1,-1,59,92,46,-1,-1,40,-1,7,-1,-1,-1,-1,-1,-1,-1,-1,51,53,37,49,50,41,-1,-1,58,-1,50,-1,1,0,2,-1,-1,39,100,51,64,48,-1,-1,-1,-1,-1,50,52,51,-1,72,61,-1,-1,-1,56,-1,32,33,29,28,29,-1,-1,-1,-1,52,54,69,51,-1,-1,-1,-1,63,61,48,68,-1,-1,41,-1,77,-1,79,-1,-1,-1,35,-1,-1,-1,-1,-1,11,-1,-1,-1,-1,61,-1,67,68,88,78,73,-1,-1,-1,-1,13,10,12,-1
Chelsea Inn,-1,-1,-1,-1,-1,-1,-1,-1,-1,-1,-1,-1,-1,-1,-1,-1,-1,-1,79,-1,-1,-1,-1,-1,-1,-1,-1,-1,-1,-1,-1,-1,-1,-1,-1,-1,-1,-1,-1,-1,-1,-1,-1,-1,-1,-1,80,-1,-1,-1,-1,-1,-1,-1,-1,-1,-1,-1,-1,-1,-1,-1,-1,-1,-1,-1,-1,-1,-1,-1,-1,-1,82,91,100,-1,-1,-1,-1,-1,-1,-1,-1,-1,-1,-1,-1,-1,-1,-1,-1,-1,-1,-1,-1,-1,-1,5,0,-1,-1,-1,-1,-1,-1,-1,-1,-1,-1,-1,-1,-1,-1,-1,-1,-1,-1,-1,-1,-1,-1,0,-1,-1,-1,-1,-1,-1,-1,-1,-1,-1,-1,-1,-1,-1,-1,-1,-1,-1,14,14,14,14,-1,80,-1,-1,-1,-1,-1,-1,-1,27,-1,-1,-1,-1,-1,-1
Hampton Inn & Suites Staten Island,-1,-1,-1,-1,32,96,34,-1,-1,-1,-1,-1,0,0,-1,-1,-1,-1,-1,-1,100,96,-1,-1,-1,-1,-1,-1,-1,-1,-1,-1,-1,-1,-1,-1,-1,-1,-1,-1,-1,-1,-1,-1,-1,-1,-1,-1,-1,-1,-1,-1,-1,32,-1,-1,-1,-1,-1,-1,100,0,-1,-1,-1,32,32,-1,-1,-1,-1,-1,-1,-1,-1,-1,-1,-1,-1,-1,-1,-1,-1,-1,-1,-1,-1,-1,-1,-1,-1,-1,-1,-1,-1,-1,-1,-1,-1,-1,-1,-1,-1,-1,-1,-1,-1,-1,-1,-1,-1,-1,-1,-1,-1,-1,-1,-1,-1,-1,-1,-1,-1,-1,-1,-1,-1,-1,-1,-1,-1,-1,-1,-1,-1,-1,-1,-1,-1,-1,-1,-1,-1,-1,-1,-1,-1,-1,-1,-1,-1,-1,-1,-1,-1,-1,-1,-1,-1,-1
The Lexington New York City Autograph Collection,44,34,-1,-1,61,66,72,71,43,48,-1,-1,-1,-1,-1,-1,58,62,53,-1,62,64,-1,-1,-1,50,47,-1,-1,-1,-1,-1,26,46,39,39,61,61,57,55,-1,-1,-1,37,62,61,56,54,56,55,48,44,70,83,94,86,-1,-1,-1,-1,8,9,11,0,-1,47,-1,-1,-1,-1,34,-1,-1,65,57,55,-1,-1,-1,-1,85,-1,-1,90,53,58,62,-1,92,96,100,99,-1,-1,88,91,69,66,60,-1,-1,-1,49,50,-1,17,19,18,-1,76,74,-1,-1,81,91,-1,-1,70,64,-1,-1,27,41,23,-1,-1,-1,-1,74,-1,-1,84,-1,-1,-1,-1,-1,16,14,-1,-1,-1,5,3,-1,69,73,-1,-1,62,69,-1,-1,-1,-1,-1,19,23,18,-1
Hilton New York Fashion District,20,30,30,-1,47,-1,39,48,31,43,37,33,-1,-1,-1,-1,59,71,63,-1,-1,51,72,73,54,42,39,30,-1,17,17,-1,45,44,44,41,-1,-1,-1,-1,-1,-1,21,23,52,53,48,-1,-1,-1,48,41,44,52,-1,-1,79,41,57,41,-1,2,0,3,38,-1,-1,33,53,37,-1,23,-1,-1,-1,-1,-1,-1,-1,-1,-1,-1,83,100,47,-1,-1,-1,-1,-1,-1,-1,-1,-1,-1,-1,-1,-1,-1,-1,-1,-1,-1,-1,-1,26,27,-1,89,-1,52,-1,-1,-1,47,40,-1,-1,45,35,43,42,-1,33,-1,51,-1,-1,-1,-1,-1,60,-1,48,42,-1,-1,-1,-1,-1,-1,-1,-1,-1,-1,-1,-1,-1,-1,-1,-1,-1,-1,-1,-1,3,-1,33,30,33
Howard Johnson Inn Jamaica JFK Airport NYC,0,-1,-1,-1,-1,-1,-1,-1,-1,-1,-1,-1,-1,-1,-1,-1,-1,-1,-1,-1,61,-1,-1,-1,-1,40,51,-1,-1,-1,-1,-1,-1,-1,-1,-1,-1,-1,-1,-1,-1,-1,-1,-1,-1,-1,-1,-1,-1,-1,-1,-1,-1,-1,-1,-1,-1,-1,-1,-1,-1,-1,-1,-1,-1,15,-1,-1,-1,43,-1,-1,-1,-1,-1,-1,19,27,-1,-1,95,-1,-1,-1,-1,75,-1,-1,-1,-1,-1,-1,-1,-1,-1,-1,29,37,-1,-1,-1,-1,-1,-1,-1,-1,-1,-1,-1,-1,-1,-1,-1,-1,-1,-1,-1,100,-1,-1,-1,48,-1,-1,-1,96,-1,-1,-1,-1,-1,-1,19,27,-1,-1,-1,-1,-1,-1,-1,-1,-1,-1,-1,-1,-1,-1,-1,-1,-1,-1,-1,-1,-1,-1,-1,-1,-1,-1
New York Marriott Downtown,-1,28,31,-1,100,89,97,-1,-1,48,78,-1,-1,-1,-1,-1,-1,64,67,-1,58,64,76,-1,27,42,38,-1,-1,-1,-1,-1,42,44,36,32,-1,53,49,45,-1,24,21,17,43,56,51,47,-1,40,-1,78,-1,20,50,-1,-1,13,17,-1,0,-1,-1,-1,-1,-1,-1,-1,-1,-1,36,-1,-1,100,95,90,-1,-1,-1,-1,95,-1,76,-1,68,66,62,-1,-1,-1,96,-1,-1,84,-1,-1,-1,-1,-1,-1,-1,70,66,61,-1,-1,11,7,-1,-1,-1,-1,84,-1,-1,-1,-1,93,80,-1,-1,-1,49,-1,-1,83,78,-1,-1,-1,-1,-1,-1,65,-1,-1,-1,-1,-1,-1,-1,-1,-1,-1,-1,62,84,-1,-1,68,73,-1,-1,-1,-1,-1,-1,-1,-1,-1
Courtyard New York Manhattan Times Square West,-1,-1,-1,-1,-1,-1,-1,-1,-1,-1,-1,-1,77,85,100,-1,-1,-1,-1,-1,-1,-1,-1,-1,-1,-1,-1,-1,37,-1,-1,-1,-1,-1,-1,-1,-1,-1,-1,-1,-1,-1,-1,-1,-1,50,-1,-1,-1,-1,-1,-1,-1,-1,-1,-1,-1,-1,-1,-1,0,6,21,-1,-1,-1,-1,-1,-1,-1,-1,-1,-1,-1,-1,-1,-1,-1,-1,-1,-1,-1,-1,-1,-1,-1,-1,-1,-1,-1,-1,-1,-1,-1,-1,-1,-1,-1,-1,-1,-1,-1,-1,-1,-1,-1,-1,-1,-1,-1,-1,-1,-1,-1,-1,-1,-1,-1,-1,-1,-1,-1,-1,-1,-1,-1,-1,-1,-1,-1,-1,-1,-1,-1,-1,-1,-1,-1,-1,-1,-1,-1,-1,-1,-1,-1,-1,-1,-1,-1,-1,-1,-1,-1,-1,-1,-1,-1,-1,-1
Red Carpet Inn New York City,-1,-1,-1,-1,-1,-1,-1,-1,-1,-1,-1,-1,-1,-1,-1,-1,-1,-1,-1,-1,-1,-1,-1,6,0,6,-1,-1,-1,-1,-1,-1,-1,6,-1,-1,-1,85,-1,-1,-1,6,-1,-1,-1,85,-1,-1,-1,41,-1,-1,-1,-1,-1,-1,-1,-1,-1,-1,-1,-1,-1,-1,-1,-1,-1,-1,0,6,-1,-1,-1,6,-1,-1,-1,-1,-1,-1,-1,-1,-1,-1,74,86,-1,-1,-1,-1,-1,-1,-1,6,-1,-1,-1,-1,-1,-1,-1,31,-1,-1,-1,6,-1,-1,24,31,-1,-1,0,6,-1,-1,0,6,-1,-1,0,6,-1,-1,88,100,-1,-1,-1,-1,-1,-1,-1,-1,-1,-1,20,26,33,-1,-1,16,23,-1,-1,-1,-1,-1,-1,-1,-1,-1,-1,41,-1,-1,-1,-1,-1,-1
Gild Hall A Thompson Hotel,56,53,36,-1,67,-1,68,64,42,-1,40,43,35,36,36,-1,56,44,47,63,-1,52,56,74,-1,-1,-1,-1,56,56,53,-1,-1,-1,-1,-1,46,46,48,-1,34,35,-1,-1,-1,-1,-1,-1,-1,-1,44,39,87,38,43,44,-1,-1,-1,-1,38,38,38,22,53,49,48,62,-1,-1,-1,-1,-1,-1,-1,-1,-1,-1,-1,-1,77,-1,-1,-1,-1,-1,-1,-1,67,-1,-1,-1,-1,-1,-1,-1,100,97,95,92,-1,-1,-1,-1,0,-1,4,-1,-1,54,53,-1,-1,-1,-1,-1,-1,-1,-1,-1,-1,60,65,-1,-1,-1,-1,-1,-1,94,66,77,-1,-1,-1,-1,-1,-1,-1,-1,21,-1,-1,-1,-1,48,-1,-1,55,52,58,62,-1,-1,-1,-1,-1,-1,-1,-1
Hilton Garden Inn New York Manhattan-Chelsea,-1,27,31,33,-1,46,45,51,30,29,30,33,15,14,13,14,-1,-1,-1,-1,-1,49,49,51,-1,-1,-1,-1,-1,27,-1,38,-1,-1,-1,-1,-1,37,41,-1,24,14,24,15,-1,-1,-1,-1,-1,59,63,-1,-1,50,48,-1,-1,-1,-1,-1,-1,14,-1,13,-1,-1,44,28,-1,18,-1,-1,-1,-1,-1,-1,-1,0,0,1,-1,-1,54,59,-1,24,-1,-1,72,71,79,-1,50,59,62,-1,-1,-1,-1,-1,-1,-1,-1,-1,45,42,-1,-1,66,58,49,58,55,30,34,-1,-1,-1,-1,-1,44,33,34,35,54,48,-1,-1,85,-1,77,100,-1,-1,-1,-1,21,16,10,-1,-1,-1,10,10,-1,-1,-1,-1,-1,-1,42,45,-1,-1,-1,-1,-1,-1,28,32
Hilton New York JFK Airport,-1,-1,-1,-1,-1,-1,-1,-1,-1,-1,-1,-1,-1,-1,-1,-1,11,0,35,49,-1,-1,-1,-1,-1,-1,-1,-1,-1,-1,-1,-1,-1,-1,-1,-1,7,22,27,-1,-1,-1,-1,-1,-1,-1,-1,-1,-1,-1,-1,-1,-1,-1,-1,100,-1,-1,-1,-1,-1,-1,-1,-1,-1,-1,-1,-1,-1,-1,-1,-1,-1,-1,-1,-1,-1,-1,-1,-1,-1,4,-1,-1,-1,-1,-1,-1,-1,-1,-1,-1,-1,-1,-1,-1,-1,-1,-1,-1,27,-1,-1,-1,-1,-1,-1,-1,-1,-1,-1,-1,-1,-1,-1,-1,-1,-1,-1,-1,-1,-1,-1,-1,21,18,28,-1,-1,-1,-1,-1,-1,-1,-1,-1,-1,-1,29,-1,-1,-1,-1,-1,-1,-1,-1,-1,-1,-1,-1,-1,-1,-1,-1,-1,-1,-1,-1,-1
The Westin New York Grand Central,22,27,32,34,46,55,61,48,26,40,44,38,8,12,15,-1,58,62,64,-1,-1,54,56,-1,-1,-1,25,19,4,14,17,15,-1,15,-1,13,50,-1,-1,37,-1,-1,-1,13,-1,-1,38,-1,-1,57,55,51,-1,47,61,-1,-1,19,22,-1,0,4,7,11,-1,-1,-1,-1,-1,-1,21,-1,-1,-1,-1,43,1,1,-1,-1,81,91,99,-1,47,42,-1,-1,-1,62,69,83,-1,68,66,63,-1,-1,-1,-1,74,-1,-1,43,-1,-1,-1,-1,-1,-1,-1,-1,-1,-1,-1,-1,-1,-1,46,-1,-1,-1,-1,-1,-1,-1,-1,-1,-1,86,95,100,-1,34,32,-1,-1,-1,-1,-1,-1,-1,-1,-1,-1,80,-1,-1,-1,42,47,-1,17,-1,-1,-1,14,18,11,-1
Renaissance Newark Airport Hotel,18,38,24,-1,27,53,-1,73,16,33,-1,-1,-1,-1,-1,82,18,38,-1,-1,-1,-1,-1,-1,76,-1,44,-1,-1,-1,-1,82,-1,51,-1,20,-1,58,-1,29,-1,53,1,20,-1,51,-1,16,-1,51,-1,11,9,27,47,-1,-1,1,69,-1,16,29,-1,82,-1,42,60,89,80,-1,47,-1,-1,62,98,24,-1,-1,-1,-1,13,31,-1,-1,71,47,36,-1,-1,31,62,-1,-1,-1,-1,18,-1,53,-1,-1,-1,56,-1,13,71,44,28,0,67,-1,27,-1,64,-1,40,-1,100,98,60,-1,78,-1,27,-1,78,-1,36,-1,47,-1,-1,-1,73,69,-1,-1,76,-1,31,-1,-1,58,-1,13,-1,44,-1,-1,-1,-1,-1,-1,-1,-1,-1,-1,-1,-1,-1,-1
Jet Luxury at the Trump SoHo,-1,-1,-1,-1,-1,-1,-1,-1,-1,-1,-1,-1,-1,-1,-1,-1,-1,-1,-1,-1,-1,-1,-1,-1,-1,-1,-1,-1,-1,-1,-1,-1,-1,-1,-1,-1,-1,-1,-1,-1,-1,-1,-1,-1,-1,-1,-1,-1,35,100,-1,35,-1,-1,-1,-1,-1,-1,-1,-1,-1,-1,-1,-1,-1,-1,-1,-1,-1,-1,-1,-1,-1,-1,-1,-1,-1,-1,-1,-1,-1,-1,-1,-1,-1,-1,-1,-1,-1,-1,-1,-1,-1,-1,-1,-1,-1,-1,-1,-1,40,40,40,40,-1,-1,-1,-1,34,33,-1,33,-1,-1,-1,-1,-1,-1,-1,-1,-1,-1,-1,-1,-1,-1,-1,-1,-1,-1,-1,-1,-1,-1,-1,-1,-1,-1,1,0,-1,-1,-1,-1,-1,-1,-1,-1,-1,-1,-1,-1,-1,-1,-1,-1,-1,-1,-1,-1
Super 8 Brooklyn   Park Slope Hotel,-1,-1,-1,-1,-1,-1,-1,-1,-1,-1,-1,-1,-1,-1,-1,-1,-1,-1,-1,-1,-1,-1,-1,-1,-1,-1,-1,-1,-1,-1,-1,-1,-1,-1,-1,-1,-1,-1,-1,-1,-1,-1,-1,-1,-1,-1,-1,-1,-1,-1,-1,-1,-1,-1,100,-1,-1,-1,55,-1,-1,-1,-1,-1,-1,-1,-1,-1,-1,-1,-1,-1,-1,-1,-1,-1,-1,-1,-1,-1,-1,-1,-1,-1,-1,-1,-1,-1,-1,-1,-1,-1,-1,-1,-1,-1,-1,14,-1,-1,-1,-1,-1,-1,-1,-1,-1,-1,-1,100,-1,-1,-1,-1,-1,-1,-1,-1,-1,-1,-1,-1,-1,-1,-1,26,-1,-1,-1,-1,-1,-1,-1,-1,-1,-1,-1,100,-1,-1,-1,-1,-1,-1,-1,-1,-1,-1,-1,-1,-1,-1,-1,-1,0,-1,-1,-1,-1,-1
Hampton Inn Manhattan Soho,31,33,29,-1,59,56,58,-1,-1,-1,-1,-1,-1,36,38,38,-1,32,43,36,32,36,55,34,-1,-1,17,17,21,27,34,39,51,52,20,-1,51,52,35,30,31,30,22,18,-1,31,30,-1,39,-1,-1,-1,41,49,-1,48,23,27,26,27,25,38,44,-1,-1,-1,28,34,-1,25,24,-1,51,52,-1,-1,3,0,2,8,63,65,70,68,39,-1,-1,-1,58,-1,-1,-1,58,-1,-1,-1,-1,31,28,-1,51,52,-1,-1,-1,23,15,-1,-1,-1,-1,-1,-1,55,55,-1,-1,-1,31,-1,38,33,28,28,-1,-1,-1,-1,71,-1,-1,100,30,29,-1,-1,-1,25,22,25,-1,-1,22,25,45,-1,33,35,-1,-1,-1,-1,-1,-1,24,-1,-1,-1,16,-1
Hotel 48LEX New York,-1,-1,-1,-1,-1,-1,-1,-1,-1,-1,-1,-1,14,-1,-1,-1,80,82,-1,-1,-1,-1,-1,-1,-1,-1,-1,-1,-1,-1,-1,-1,-1,-1,-1,-1,-1,-1,-1,-1,-1,-1,-1,-1,26,-1,-1,-1,-1,-1,-1,-1,-1,-1,-1,-1,-1,0,38,-1,-1,-1,-1,-1,-1,-1,58,-1,-1,-1,-1,-1,-1,-1,-1,-1,-1,-1,-1,-1,-1,81,-1,-1,-1,53,58,-1,-1,99,-1,-1,98,100,-1,-1,-1,-1,-1,-1,-1,-1,-1,-1,-1,-1,-1,-1,-1,-1,-1,-1,-1,-1,-1,-1,-1,-1,-1,-1,-1,-1,-1,-1,-1,-1,-1,-1,-1,-1,-1,-1,71,72,-1,-1,-1,-1,-1,-1,-1,-1,-1,-1,-1,83,-1,-1,-1,-1,-1,-1,-1,-1,-1,32,-1,-1,-1,-1
Andaz 5th Avenue - a concept by Hyatt,-1,20,44,-1,-1,59,-1,-1,46,44,44,44,-1,-1,-1,23,36,32,-1,-1,-1,95,-1,-1,45,-1,-1,43,-1,-1,10,-1,37,-1,-1,-1,86,-1,-1,-1,27,27,32,25,51,68,-1,-1,42,-1,-1,-1,-1,-1,78,-1,-1,-1,-1,-1,-1,-1,-1,-1,-1,-1,-1,-1,28,28,38,35,51,-1,-1,-1,-1,14,13,0,-1,84,93,-1,30,-1,-1,-1,-1,-1,67,67,56,58,49,75,93,62,93,94,80,86,75,100,23,-1,32,-1,56,52,47,-1,47,58,71,34,46,-1,68,-1,-1,86,51,74,77,-1,54,44,-1,58,-1,-1,-1,-1,58,58,-1,-1,-1,-1,-1,-1,0,-1,-1,-1,-1,-1,-1,-1,-1,-1,-1,-1,-1,11,-1,7,27,38
Hilton Garden Inn New York Manhattan-Midtown East,13,7,-1,6,-1,-1,60,61,26,-1,39,-1,32,36,37,-1,42,-1,-1,46,45,49,-1,75,-1,-1,-1,-1,22,11,-1,-1,-1,-1,-1,-1,-1,-1,47,47,-1,-1,22,14,41,43,41,34,-1,-1,-1,-1,-1,47,-1,-1,-1,-1,27,-1,17,24,7,24,-1,-1,-1,-1,28,-1,-1,-1,-1,56,66,-1,-1,7,22,16,47,39,67,-1,62,-1,-1,52,100,72,84,-1,-1,72,69,-1,-1,-1,38,44,-1,-1,-1,-1,-1,-1,-1,-1,-1,-1,-1,-1,63,79,46,-1,54,66,-1,-1,-1,-1,16,-1,-1,45,44,-1,-1,76,-1,-1,24,-1,44,-1,10,8,0,-1,-1,4,2,17,-1,-1,-1,-1,-1,-1,-1,-1,-1,18,16,17,-1,-1,-1,-1
Fairfield Inn by Marriott LaGuardia Airport Flushing,-1,-1,-1,-1,-1,-1,-1,-1,-1,-1,-1,-1,62,77,77,85,-1,-1,-1,-1,-1,-1,-1,77,-1,92,-1,-1,69,85,92,-1,-1,85,62,-1,-1,77,54,-1,15,15,85,-1,-1,77,54,-1,-1,-1,-1,-1,-1,-1,-1,-1,-1,-1,-1,-1,-1,-1,-1,-1,-1,100,100,-1,-1,85,-1,-1,-1,77,54,-1,-1,-1,-1,-1,-1,-1,-1,-1,-1,77,-1,-1,-1,-1,-1,-1,-1,77,54,-1,-1,-1,-1,-1,-1,-1,85,-1,-1,23,0,-1,-1,-1,-1,-1,-1,77,-1,-1,-1,77,-1,-1,-1,0,-1,-1,-1,-1,-1,-1,-1,-1,-1,-1,-1,-1,-1,-1,-1,-1,-1,-1,-1,-1,-1,-1,-1,-1,77,-1,-1,54,77,-1,-1,-1,77,62,-1,-1,-1,-1
Roxy Hotel Tribeca (formerly the Tribeca Grand Hotel),19,-1,-1,-1,-1,-1,-1,-1,-1,-1,-1,-1,-1,-1,-1,-1,-1,-1,-1,-1,-1,-1,-1,-1,-1,54,54,-1,-1,-1,-1,-1,-1,-1,-1,-1,-1,-1,-1,-1,-1,-1,30,8,-1,-1,61,64,-1,-1,-1,-1,-1,-1,-1,-1,41,41,-1,27,-1,-1,-1,-1,-1,-1,-1,-1,-1,52,52,-1,-1,-1,-1,-1,-1,-1,-1,-1,-1,-1,-1,-1,-1,54,57,54,-1,-1,-1,-1,100,-1,-1,-1,-1,50,47,-1,-1,-1,-1,-1,-1,-1,-1,-1,-1,-1,-1,-1,-1,-1,-1,-1,-1,-1,-1,-1,-1,43,-1,34,-1,-1,-1,19,-1,-1,-1,-1,-1,59,-1,-1,-1,-1,-1,-1,-1,-1,-1,-1,-1,-1,-1,-1,-1,-1,-1,-1,-1,-1,-1,-1,-1,-1,0,0
The Mark,-1,-1,-1,-1,-1,-1,-1,-1,-1,-1,-1,-1,-1,-1,-1,-1,-1,-1,-1,-1,-1,-1,-1,-1,-1,-1,-1,-1,-1,-1,-1,-1,-1,-1,-1,-1,-1,-1,-1,-1,-1,-1,-1,-1,-1,-1,-1,-1,-1,-1,-1,-1,-1,-1,-1,-1,-1,-1,-1,-1,-1,-1,-1,-1,-1,-1,-1,-1,-1,-1,-1,-1,-1,-1,-1,-1,-1,-1,-1,-1,-1,-1,-1,-1,-1,-1,-1,-1,-1,-1,-1,-1,-1,-1,-1,-1,-1,-1,-1,-1,-1,-1,-1,-1,-1,-1,-1,-1,-1,-1,-1,-1,-1,-1,-1,-1,-1,-1,-1,-1,-1,-1,-1,-1,-1,-1,-1,-1,-1,-1,-1,-1,-1,-1,-1,-1,-1,100,50,0,-1,-1,-1,-1,-1,-1,-1,-1,-1,-1,-1,-1,-1,-1,-1,-1,-1,-1,-1,-1
Hilton Garden Inn Times Square,28,32,32,32,55,55,54,51,34,24,-1,24,21,20,21,23,51,54,50,48,-1,48,55,52,15,23,15,-1,29,35,34,32,27,25,34,27,45,47,50,54,-1,34,34,10,38,43,42,40,-1,44,44,41,63,97,61,65,18,21,-1,21,-1,18,13,13,31,30,32,-1,31,35,32,29,54,54,47,49,-1,29,32,0,61,59,62,61,57,60,48,40,76,87,94,100,52,56,59,53,62,43,38,54,44,54,48,44,-1,18,28,19,65,56,54,52,66,56,62,64,54,50,49,49,26,38,37,34,32,41,56,50,67,67,67,65,-1,-1,-1,-1,6,-1,14,11,20,14,12,-1,55,58,58,-1,54,51,60,-1,24,30,19,23,-1,-1,-1,35
DoubleTree by Hilton Hotel New York - Times Square South,-1,13,13,17,31,-1,-1,35,16,16,-1,18,-1,-1,-1,28,-1,22,-1,35,-1,36,-1,-1,20,-1,21,-1,14,14,-1,14,-1,19,-1,-1,-1,-1,17,-1,-1,-1,19,-1,-1,-1,19,-1,30,29,27,31,-1,-1,-1,29,11,17,15,-1,0,8,-1,20,-1,-1,16,-1,-1,17,20,-1,-1,24,23,-1,-1,-1,-1,3,-1,34,49,55,-1,-1,-1,-1,-1,-1,-1,100,-1,-1,-1,-1,-1,-1,-1,-1,-1,25,21,25,-1,-1,9,-1,31,-1,30,29,31,17,32,26,35,-1,-1,25,-1,-1,24,-1,39,29,22,-1,80,74,68,43,-1,-1,-1,-1,-1,-1,-1,-1,-1,-1,21,-1,-1,-1,-1,-1,-1,-1,-1,-1,15,12,-1,-1,19,-1,-1,-1
Bentley Hotel,-1,-1,-1,-1,-1,-1,-1,-1,-1,-1,-1,-1,-1,-1,-1,-1,-1,-1,-1,-1,25,67,99,25,-1,-1,-1,-1,-1,-1,-1,-1,15,13,13,15,-1,-1,-1,-1,-1,-1,-1,-1,-1,-1,57,-1,-1,-1,-1,-1,-1,-1,-1,-1,-1,-1,-1,-1,-1,-1,-1,-1,-1,-1,-1,-1,-1,-1,-1,-1,-1,-1,97,-1,0,-1,29,-1,-1,-1,-1,-1,-1,46,49,-1,-1,-1,-1,-1,-1,-1,-1,-1,-1,-1,14,-1,-1,-1,-1,-1,-1,-1,-1,-1,-1,-1,-1,-1,-1,-1,-1,-1,-1,-1,-1,-1,-1,-1,-1,-1,-1,-1,-1,-1,-1,-1,-1,-1,-1,-1,-1,-1,-1,-1,-1,-1,-1,-1,6,-1,-1,-1,100,-1,-1,-1,-1,-1,-1,-1,-1,-1,-1,62,58,-1
Hudson New York Central Park,-1,-1,-1,-1,-1,-1,-1,-1,-1,-1,-1,-1,-1,-1,-1,-1,-1,-1,-1,-1,-1,-1,-1,-1,-1,40,44,-1,-1,-1,-1,-1,-1,-1,-1,-1,-1,-1,-1,-1,39,-1,34,-1,-1,-1,-1,-1,-1,-1,-1,-1,-1,-1,-1,-1,10,-1,-1,-1,-1,-1,-1,-1,-1,-1,-1,-1,14,0,12,-1,-1,-1,-1,-1,-1,-1,-1,-1,-1,-1,-1,-1,-1,62,-1,-1,-1,-1,-1,-1,-1,-1,-1,-1,-1,-1,-1,-1,-1,-1,-1,-1,-1,-1,19,-1,-1,-1,-1,-1,-1,-1,-1,-1,-1,-1,100,-1,-1,-1,-1,-1,-1,-1,-1,-1,-1,-1,-1,-1,-1,-1,-1,-1,-1,-1,-1,-1,-1,-1,-1,-1,-1,-1,-1,-1,-1,-1,-1,-1,-1,-1,-1,-1,-1,-1,-1,-1
Wyndham New Yorker,-1,-1,-1,-1,-1,-1,-1,-1,-1,-1,-1,-1,-1,-1,-1,-1,-1,25,22,-1,-1,-1,-1,-1,-1,-1,-1,-1,-1,-1,-1,-1,-1,-1,-1,-1,-1,-1,-1,-1,-1,-1,-1,-1,62,63,60,55,-1,-1,-1,-1,-1,-1,-1,-1,-1,-1,-1,-1,-1,-1,-1,-1,-1,56,60,-1,-1,-1,-1,-1,-1,-1,-1,-1,-1,-1,-1,-1,-1,-1,-1,-1,18,15,-1,-1,-1,-1,-1,-1,-1,-1,-1,-1,-1,42,37,-1,-1,-1,-1,-1,-1,-1,-1,-1,-1,-1,-1,-1,-1,-1,-1,-1,-1,-1,100,-1,-1,-1,-1,0,-1,-1,-1,-1,-1,-1,-1,-1,27,56,61,33,-1,-1,-1,-1,-1,-1,-1,-1,-1,-1,-1,-1,-1,-1,-1,-1,-1,-1,-1,-1,-1,-1,-1,-1
Hilton Garden Inn New York Central Park South-Midtown West,33,31,39,40,62,63,75,62,33,34,56,35,12,6,25,24,63,62,-1,76,54,84,95,56,-1,36,22,-1,21,24,37,25,45,47,43,27,-1,40,-1,50,-1,-1,-1,-1,50,-1,75,75,-1,87,60,-1,92,85,-1,-1,41,-1,49,54,36,36,11,0,-1,44,-1,-1,28,28,22,-1,76,71,63,46,-1,-1,-1,-1,88,86,88,85,-1,52,71,-1,100,-1,100,100,-1,81,47,86,-1,-1,-1,-1,62,84,80,77,-1,-1,23,1,78,64,-1,-1,66,97,57,62,-1,63,-1,-1,-1,27,27,10,-1,83,83,66,-1,62,91,83,40,39,-1,-1,-1,27,37,-1,-1,-1,27,31,-1,-1,75,-1,-1,-1,-1,-1,-1,27,23,5,-1,-1,-1,11
